รหัสนักเรียน,ชื่อ-นามสกุล,เพศ,อายุ,ระดับชั้น,โรงเรียน,เบอร์โทรติดต่อ,รหัสคอร์ส,ชื่อคอร์ส,รายวิชา,อาจารย์ผู้สอน,ราคา(บาท),จำนวนรับสูงสุด,จำนวนผู้ลงทะเบียน,ที่นั่งคงเหลือ,รหัสการลงทะเบียน,วันที่ลงทะเบียน,ส่วนลด,ยอดชำระสุทธิ (บาท),สถานะการลงทะเบียน,รหัสการชำระเงิน,จำนวนเงินที่ชำระ(บาท),ช่องทางการชำระเงิน,วันที่ชำระเงิน,สถานะการชำระเงิน
STU0001,ธัญญารัตน์ ธรรมวงศ์,หญิง,18,ม.6,โรงเรียนขอนแก่นพัฒนศึกษา,087-4098086,C008,เคมี A-Level,เคมี,ครูศิริ,3400,40,40,0,1,2026-08-04,0.1,3060.0,ลงทะเบียนสำเร็จ,1.0,3060.0,โอนธนาคาร,2026-08-04,ชำระเงินแล้ว
STU0002,ธัญชนก รัตนกุล,หญิง,17,ม.6,โรงเรียนแก่นนครวิทยาลัย,085-2521199,C007,ฟิสิกส์ A-Level,ฟิสิกส์,ครูเอก,3500,40,40,0,2,2026-07-21,0.05,3325.0,ลงทะเบียนสำเร็จ,2.0,3325.0,โอนธนาคาร,2026-07-21,ชำระเงินแล้ว
STU0003,ณัฐดนัย วัฒนกุล,ชาย,18,ม.6,โรงเรียนขอนแก่นพัฒนศึกษา,081-9864766,C008,เคมี A-Level,เคมี,ครูศิริ,3400,40,40,0,3,2026-08-01,0.05,3230.0,ลงทะเบียนสำเร็จ,3.0,3230.0,เงินสด,2026-08-01,ชำระเงินแล้ว
STU0004,กวิน ทองคำ,ชาย,15,ม.4,โรงเรียนขอนแก่นพัฒนศึกษา,081-8783528,C006,คณิตศาสตร์ A-Level,คณิตศาสตร์,ครูพิมพ์,3500,40,40,0,4,2026-06-16,0.0,3500.0,ลงทะเบียนสำเร็จ,4.0,3500.0,บัตรเครดิต,2026-06-16,ชำระเงินแล้ว
STU0005,พิชญ์สินี จันทร์ดี,หญิง,16,ม.5,โรงเรียนแก่นนครวิทยาลัย,097-1077070,C001,คณิตศาสตร์ ม.ปลาย,คณิตศาสตร์,ครูพิมพ์,2800,40,40,0,5,2026-07-22,0.1,2520.0,ลงทะเบียนสำเร็จ,5.0,2520.0,เงินสด,2026-07-22,ชำระเงินแล้ว
STU0006,ธนวัฒน์ ศรีสวัสดิ์,ชาย,17,ม.5,โรงเรียนแก่นนครวิทยาลัย,092-4853154,C009,ชีววิทยา A-Level,ชีววิทยา,ครูแพรว,3300,40,38,2,6,2026-06-20,0.0,3300.0,ลงทะเบียนสำเร็จ,6.0,3300.0,เงินสด,2026-06-20,ชำระเงินแล้ว
STU0007,อัญชิสา ทองดี,หญิง,15,ม.4,โรงเรียนนครขอนแก่น,084-5880540,C008,เคมี A-Level,เคมี,ครูศิริ,3400,40,40,0,7,2026-08-12,0.0,3400.0,ลงทะเบียนสำเร็จ,7.0,3400.0,พร้อมเพย์,2026-08-12,ชำระเงินแล้ว
STU0008,สุชาดา ใจดี,หญิง,15,ม.4,โรงเรียนกัลยาณวัตร,087-1877827,C007,ฟิสิกส์ A-Level,ฟิสิกส์,ครูเอก,3500,40,40,0,8,2026-08-17,0.0,3500.0,ลงทะเบียนสำเร็จ,8.0,3500.0,โอนธนาคาร,2026-08-17,ชำระเงินแล้ว
STU0009,สุพิชญา ธรรมรักษ์,หญิง,17,ม.5,โรงเรียนขอนแก่นพัฒนศึกษา,087-5526083,C004,ชีววิทยา ม.ปลาย,ชีววิทยา,ครูแพรว,2700,40,40,0,9,2026-07-27,0.0,2700.0,ลงทะเบียนสำเร็จ,9.0,2700.0,โอนธนาคาร,2026-07-27,ชำระเงินแล้ว
STU0010,อริสา ศรีสุข,หญิง,16,ม.4,โรงเรียนนครขอนแก่น,084-3258154,C005,ภาษาอังกฤษ ม.ปลาย,ภาษาอังกฤษ,ครูณัฐ,2500,40,35,5,10,2026-07-18,0.05,2375.0,ลงทะเบียนสำเร็จ,10.0,2375.0,พร้อมเพย์,2026-07-18,ชำระเงินแล้ว
STU0011,กิตติ พัฒนกุล,ชาย,17,ม.6,โรงเรียนขอนแก่นวิทยาลัย,097-3980944,C007,ฟิสิกส์ A-Level,ฟิสิกส์,ครูเอก,3500,40,40,0,11,2026-06-02,0.0,3500.0,ลงทะเบียนสำเร็จ,11.0,3500.0,เงินสด,2026-06-02,ชำระเงินแล้ว
STU0012,ปัณณวิชญ์ สมบูรณ์,ชาย,16,ม.5,โรงเรียนนครขอนแก่น,094-2954679,C001,คณิตศาสตร์ ม.ปลาย,คณิตศาสตร์,ครูพิมพ์,2800,40,40,0,12,2026-08-01,0.0,2800.0,ลงทะเบียนสำเร็จ,12.0,2800.0,บัตรเครดิต,2026-08-01,ชำระเงินแล้ว
STU0013,พิมพ์ชนก สุขเกษม,หญิง,16,ม.5,โรงเรียนขอนแก่นพัฒนศึกษา,091-1329348,C003,เคมี ม.ปลาย,เคมี,ครูศิริ,2700,40,40,0,13,2026-06-21,0.0,2700.0,ลงทะเบียนสำเร็จ,13.0,2700.0,บัตรเครดิต,2026-06-21,ชำระเงินแล้ว
STU0014,ภูวดล วิไลวรรณ,ชาย,16,ม.4,โรงเรียนสาธิตมหาวิทยาลัยขอนแก่น ฝ่ายมัธยมศึกษา (ศึกษาศาสตร์),085-4577630,C003,เคมี ม.ปลาย,เคมี,ครูศิริ,2700,40,40,0,14,2026-06-09,0.0,2700.0,ลงทะเบียนสำเร็จ,14.0,2700.0,เงินสด,2026-06-09,ชำระเงินแล้ว
STU0015,ญาดา บุญธรรม,หญิง,16,ม.5,โรงเรียนแก่นนครวิทยาลัย,094-2231423,C010,ภาษาอังกฤษ A-Level,ภาษาอังกฤษ,ครูณัฐ,3200,40,40,0,15,2026-06-20,0.1,2880.0,ลงทะเบียนสำเร็จ,15.0,2880.0,โอนธนาคาร,2026-06-20,ชำระเงินแล้ว
STU0016,ณัฐภัทร ศรีบุญเรือง,ชาย,15,ม.4,โรงเรียนสาธิตมหาวิทยาลัยขอนแก่น ฝ่ายมัธยมศึกษา (ศึกษาศาสตร์),093-7236159,C004,ชีววิทยา ม.ปลาย,ชีววิทยา,ครูแพรว,2700,40,40,0,16,2026-07-28,0.05,2565.0,ลงทะเบียนสำเร็จ,16.0,2565.0,เงินสด,2026-07-28,ชำระเงินแล้ว
STU0017,อัญชิสา รัตนวงศ์,หญิง,16,ม.4,โรงเรียนนครขอนแก่น,086-3585961,C003,เคมี ม.ปลาย,เคมี,ครูศิริ,2700,40,40,0,17,2026-06-07,0.1,2430.0,ลงทะเบียนสำเร็จ,17.0,2430.0,เงินสด,2026-06-07,ชำระเงินแล้ว
STU0018,ธิดารัตน์ ไพศาล,หญิง,15,ม.4,โรงเรียนขอนแก่นวิทยายน,099-4298229,C005,ภาษาอังกฤษ ม.ปลาย,ภาษาอังกฤษ,ครูณัฐ,2500,40,35,5,18,2026-07-13,0.0,2500.0,ลงทะเบียนสำเร็จ,18.0,2500.0,เงินสด,2026-07-13,ชำระเงินแล้ว
STU0019,สุพิชญา แสงทอง,หญิง,16,ม.5,โรงเรียนสาธิตมหาวิทยาลัยขอนแก่น ฝ่ายมัธยมศึกษา (มอดินแดง),084-1649219,C003,เคมี ม.ปลาย,เคมี,ครูศิริ,2700,40,40,0,19,2026-06-10,0.05,2565.0,ลงทะเบียนสำเร็จ,19.0,2565.0,พร้อมเพย์,2026-06-10,ชำระเงินแล้ว
STU0020,ณิชกานต์ บุญเลิศ,หญิง,16,ม.4,โรงเรียนขอนแก่นพัฒนศึกษา,097-5923028,C002,ฟิสิกส์ ม.ปลาย,ฟิสิกส์,ครูเอก,2800,40,40,0,20,2026-06-05,0.1,2520.0,ลงทะเบียนสำเร็จ,20.0,2520.0,พร้อมเพย์,2026-06-05,ชำระเงินแล้ว
STU0021,ณัฐวุฒิ จันทร์ดี,ชาย,17,ม.6,โรงเรียนขอนแก่นวิทยาลัย,099-2243864,C006,คณิตศาสตร์ A-Level,คณิตศาสตร์,ครูพิมพ์,3500,40,40,0,21,2026-07-22,0.05,3325.0,ลงทะเบียนสำเร็จ,21.0,3325.0,พร้อมเพย์,2026-07-22,ชำระเงินแล้ว
STU0022,อริสรา สายทอง,หญิง,15,ม.4,โรงเรียนสาธิตมหาวิทยาลัยขอนแก่น ฝ่ายมัธยมศึกษา (มอดินแดง),089-7902592,C004,ชีววิทยา ม.ปลาย,ชีววิทยา,ครูแพรว,2700,40,40,0,22,2026-08-17,0.0,2700.0,ลงทะเบียนสำเร็จ,22.0,2700.0,เงินสด,2026-08-17,ชำระเงินแล้ว
STU0023,กัญญาวีร์ ศรีเจริญ,หญิง,15,ม.4,โรงเรียนแก่นนครวิทยาลัย,093-9908762,C003,เคมี ม.ปลาย,เคมี,ครูศิริ,2700,40,40,0,23,2026-08-03,0.05,2565.0,ลงทะเบียนสำเร็จ,23.0,2565.0,เงินสด,2026-08-03,ชำระเงินแล้ว
STU0024,ณัฐวุฒิ รัตนกุล,ชาย,16,ม.4,โรงเรียนขามแก่นนคร,098-3354635,C005,ภาษาอังกฤษ ม.ปลาย,ภาษาอังกฤษ,ครูณัฐ,2500,40,35,5,24,2026-07-24,0.05,2375.0,ลงทะเบียนสำเร็จ,24.0,2375.0,บัตรเครดิต,2026-07-24,ชำระเงินแล้ว
STU0025,เอกภพ อินทร์แก้ว,ชาย,16,ม.4,โรงเรียนสาธิตมหาวิทยาลัยขอนแก่น ฝ่ายมัธยมศึกษา (ศึกษาศาสตร์),081-2255500,C004,ชีววิทยา ม.ปลาย,ชีววิทยา,ครูแพรว,2700,40,40,0,25,2026-06-10,0.1,2430.0,ลงทะเบียนสำเร็จ,25.0,2430.0,พร้อมเพย์,2026-06-10,ชำระเงินแล้ว
STU0026,พิมพ์ลภัส รัตนวงศ์,หญิง,16,ม.4,โรงเรียนสาธิตมหาวิทยาลัยขอนแก่น ฝ่ายมัธยมศึกษา (มอดินแดง),083-8601601,C007,ฟิสิกส์ A-Level,ฟิสิกส์,ครูเอก,3500,40,40,0,26,2026-07-29,0.0,3500.0,ลงทะเบียนสำเร็จ,26.0,3500.0,โอนธนาคาร,2026-07-29,ชำระเงินแล้ว
STU0027,อริสรา สมบูรณ์,หญิง,17,ม.6,โรงเรียนขามแก่นนคร,093-2424835,C010,ภาษาอังกฤษ A-Level,ภาษาอังกฤษ,ครูณัฐ,3200,40,40,0,27,2026-07-12,0.0,3200.0,ลงทะเบียนสำเร็จ,27.0,3200.0,โอนธนาคาร,2026-07-12,ชำระเงินแล้ว
STU0028,ณิชาภา ศรีนวล,หญิง,16,ม.4,โรงเรียนขอนแก่นพัฒนศึกษา,081-7414492,C001,คณิตศาสตร์ ม.ปลาย,คณิตศาสตร์,ครูพิมพ์,2800,40,40,0,28,2026-07-24,0.1,2520.0,ลงทะเบียนสำเร็จ,28.0,2520.0,พร้อมเพย์,2026-07-24,ชำระเงินแล้ว
STU0029,พัณณิตา ธรรมรักษ์,หญิง,17,ม.6,โรงเรียนสาธิตมหาวิทยาลัยขอนแก่น ฝ่ายมัธยมศึกษา (มอดินแดง),083-2939116,C001,คณิตศาสตร์ ม.ปลาย,คณิตศาสตร์,ครูพิมพ์,2800,40,40,0,29,2026-07-01,0.1,2520.0,ลงทะเบียนสำเร็จ,29.0,2520.0,โอนธนาคาร,2026-07-01,ชำระเงินแล้ว
STU0030,กัญญาณัฐ วัฒนชัย,หญิง,17,ม.5,โรงเรียนขอนแก่นวิทยาลัย,096-2405632,C003,เคมี ม.ปลาย,เคมี,ครูศิริ,2700,40,40,0,30,2026-08-05,0.1,2430.0,ลงทะเบียนสำเร็จ,30.0,2430.0,พร้อมเพย์,2026-08-05,ชำระเงินแล้ว
STU0031,พีรพงศ์ สายทอง,ชาย,16,ม.5,โรงเรียนกัลยาณวัตร,084-9342480,C009,ชีววิทยา A-Level,ชีววิทยา,ครูแพรว,3300,40,38,2,31,2026-07-02,0.05,3135.0,ลงทะเบียนสำเร็จ,31.0,3135.0,บัตรเครดิต,2026-07-02,ชำระเงินแล้ว
STU0032,วริศรา ชูศรี,หญิง,16,ม.5,โรงเรียนขอนแก่นวิทยายน,087-9697218,C003,เคมี ม.ปลาย,เคมี,ครูศิริ,2700,40,40,0,32,2026-08-06,0.1,2430.0,ลงทะเบียนสำเร็จ,32.0,2430.0,เงินสด,2026-08-06,ชำระเงินแล้ว
STU0033,ศุภชัย ทองคำ,ชาย,17,ม.5,โรงเรียนขามแก่นนคร,094-5204358,C006,คณิตศาสตร์ A-Level,คณิตศาสตร์,ครูพิมพ์,3500,40,40,0,33,2026-08-16,0.0,3500.0,ลงทะเบียนสำเร็จ,33.0,3500.0,โอนธนาคาร,2026-08-16,ชำระเงินแล้ว
STU0034,กวิน มงคลชัย,ชาย,18,ม.6,โรงเรียนนครขอนแก่น,088-6309768,C005,ภาษาอังกฤษ ม.ปลาย,ภาษาอังกฤษ,ครูณัฐ,2500,40,35,5,34,2026-07-14,0.0,2500.0,ลงทะเบียนสำเร็จ,34.0,2500.0,พร้อมเพย์,2026-07-14,ชำระเงินแล้ว
STU0035,ศุภชัย แก้วคำ,ชาย,15,ม.4,โรงเรียนสาธิตมหาวิทยาลัยขอนแก่น ฝ่ายมัธยมศึกษา (ศึกษาศาสตร์),083-5643866,C007,ฟิสิกส์ A-Level,ฟิสิกส์,ครูเอก,3500,40,40,0,35,2026-06-29,0.1,3150.0,ลงทะเบียนสำเร็จ,35.0,3150.0,โอนธนาคาร,2026-06-29,ชำระเงินแล้ว
STU0036,พีรพงศ์ รัตนชัย,ชาย,16,ม.4,โรงเรียนกัลยาณวัตร,095-7418092,C008,เคมี A-Level,เคมี,ครูศิริ,3400,40,40,0,36,2026-06-16,0.0,3400.0,ลงทะเบียนสำเร็จ,36.0,3400.0,บัตรเครดิต,2026-06-16,ชำระเงินแล้ว
STU0037,กุลจิรา รัตนกุล,หญิง,18,ม.6,โรงเรียนขามแก่นนคร,083-1528243,C009,ชีววิทยา A-Level,ชีววิทยา,ครูแพรว,3300,40,38,2,37,2026-06-30,0.0,3300.0,ลงทะเบียนสำเร็จ,37.0,3300.0,โอนธนาคาร,2026-06-30,ชำระเงินแล้ว
STU0038,สุชาดา รัตนชัย,หญิง,17,ม.6,โรงเรียนขอนแก่นพัฒนศึกษา,093-6184668,C003,เคมี ม.ปลาย,เคมี,ครูศิริ,2700,40,40,0,38,2026-07-24,0.0,2700.0,ลงทะเบียนสำเร็จ,38.0,2700.0,บัตรเครดิต,2026-07-24,ชำระเงินแล้ว
STU0039,ชยุต วัฒนชัย,ชาย,17,ม.6,โรงเรียนกัลยาณวัตร,081-5469660,C008,เคมี A-Level,เคมี,ครูศิริ,3400,40,40,0,39,2026-08-02,0.1,3060.0,ลงทะเบียนสำเร็จ,39.0,3060.0,พร้อมเพย์,2026-08-02,ชำระเงินแล้ว
STU0040,รวิภาส บุญส่ง,ชาย,15,ม.4,โรงเรียนขอนแก่นวิทยาลัย,084-9982380,C006,คณิตศาสตร์ A-Level,คณิตศาสตร์,ครูพิมพ์,3500,40,40,0,40,2026-07-18,0.0,3500.0,ลงทะเบียนสำเร็จ,40.0,3500.0,เงินสด,2026-07-18,ชำระเงินแล้ว
STU0041,ชนัญชิดา พงษ์ศรี,หญิง,15,ม.4,โรงเรียนแก่นนครวิทยาลัย,086-1180634,C002,ฟิสิกส์ ม.ปลาย,ฟิสิกส์,ครูเอก,2800,40,40,0,41,2026-06-29,0.0,2800.0,ลงทะเบียนสำเร็จ,41.0,2800.0,เงินสด,2026-06-29,ชำระเงินแล้ว
STU0042,กมลชนก พรหมรักษา,หญิง,17,ม.6,โรงเรียนแก่นนครวิทยาลัย,093-9731248,C010,ภาษาอังกฤษ A-Level,ภาษาอังกฤษ,ครูณัฐ,3200,40,40,0,42,2026-07-02,0.1,2880.0,ลงทะเบียนสำเร็จ,42.0,2880.0,พร้อมเพย์,2026-07-02,ชำระเงินแล้ว
STU0043,ภูริณัฐ ศรีสมบัติ,ชาย,16,ม.5,โรงเรียนนครขอนแก่น,085-8558185,C003,เคมี ม.ปลาย,เคมี,ครูศิริ,2700,40,40,0,43,2026-08-04,0.0,2700.0,ลงทะเบียนสำเร็จ,43.0,2700.0,พร้อมเพย์,2026-08-04,ชำระเงินแล้ว
STU0044,กัญญาณัฐ แก้วใส,หญิง,15,ม.4,โรงเรียนขามแก่นนคร,096-6477212,C010,ภาษาอังกฤษ A-Level,ภาษาอังกฤษ,ครูณัฐ,3200,40,40,0,44,2026-08-18,0.1,2880.0,ลงทะเบียนสำเร็จ,44.0,2880.0,บัตรเครดิต,2026-08-18,ชำระเงินแล้ว
STU0045,นราวิชญ์ ศรีบุญเรือง,ชาย,15,ม.4,โรงเรียนนครขอนแก่น,083-6198547,C010,ภาษาอังกฤษ A-Level,ภาษาอังกฤษ,ครูณัฐ,3200,40,40,0,45,2026-07-23,0.05,3040.0,ลงทะเบียนสำเร็จ,45.0,3040.0,โอนธนาคาร,2026-07-23,ชำระเงินแล้ว
STU0046,ชญาดา แก้วใส,หญิง,16,ม.5,โรงเรียนสาธิตมหาวิทยาลัยขอนแก่น ฝ่ายมัธยมศึกษา (มอดินแดง),082-8397094,C004,ชีววิทยา ม.ปลาย,ชีววิทยา,ครูแพรว,2700,40,40,0,46,2026-07-18,0.1,2430.0,ลงทะเบียนสำเร็จ,46.0,2430.0,โอนธนาคาร,2026-07-18,ชำระเงินแล้ว
STU0047,กุลธิดา บุญชู,หญิง,18,ม.6,โรงเรียนสาธิตมหาวิทยาลัยขอนแก่น ฝ่ายมัธยมศึกษา (ศึกษาศาสตร์),087-2074695,C007,ฟิสิกส์ A-Level,ฟิสิกส์,ครูเอก,3500,40,40,0,47,2026-06-16,0.05,3325.0,ลงทะเบียนสำเร็จ,47.0,3325.0,โอนธนาคาร,2026-06-16,ชำระเงินแล้ว
STU0048,รินรดา บุญธรรม,หญิง,15,ม.4,โรงเรียนขอนแก่นวิทยายน,097-3494361,C005,ภาษาอังกฤษ ม.ปลาย,ภาษาอังกฤษ,ครูณัฐ,2500,40,35,5,48,2026-07-30,0.05,2375.0,ลงทะเบียนสำเร็จ,48.0,2375.0,โอนธนาคาร,2026-07-30,ชำระเงินแล้ว
STU0049,ศศิธร สุขสันต์,หญิง,16,ม.5,โรงเรียนเตรียมอุดมศึกษาพัฒนาการ ขอนแก่น,099-5868239,C006,คณิตศาสตร์ A-Level,คณิตศาสตร์,ครูพิมพ์,3500,40,40,0,49,2026-07-05,0.1,3150.0,ลงทะเบียนสำเร็จ,49.0,3150.0,โอนธนาคาร,2026-07-05,ชำระเงินแล้ว
STU0050,พีรวิชญ์ สุริยะ,ชาย,18,ม.6,โรงเรียนขอนแก่นพัฒนศึกษา,087-6107924,C003,เคมี ม.ปลาย,เคมี,ครูศิริ,2700,40,40,0,50,2026-07-20,0.05,2565.0,ลงทะเบียนสำเร็จ,50.0,2565.0,โอนธนาคาร,2026-07-20,ชำระเงินแล้ว
STU0051,กฤติน ศรีนวล,ชาย,18,ม.6,โรงเรียนกัลยาณวัตร,095-9990971,C001,คณิตศาสตร์ ม.ปลาย,คณิตศาสตร์,ครูพิมพ์,2800,40,40,0,51,2026-07-20,0.05,2660.0,ลงทะเบียนสำเร็จ,51.0,2660.0,โอนธนาคาร,2026-07-20,ชำระเงินแล้ว
STU0052,ภูวดล สุริยะ,ชาย,17,ม.6,โรงเรียนสาธิตมหาวิทยาลัยขอนแก่น ฝ่ายมัธยมศึกษา (ศึกษาศาสตร์),099-1737407,C006,คณิตศาสตร์ A-Level,คณิตศาสตร์,ครูพิมพ์,3500,40,40,0,52,2026-06-13,0.1,3150.0,ลงทะเบียนสำเร็จ,52.0,3150.0,พร้อมเพย์,2026-06-13,ชำระเงินแล้ว
STU0053,นภัสสร เจริญสุข,หญิง,17,ม.6,โรงเรียนขอนแก่นวิทยายน,083-8699649,C003,เคมี ม.ปลาย,เคมี,ครูศิริ,2700,40,40,0,53,2026-08-15,0.05,2565.0,ลงทะเบียนสำเร็จ,53.0,2565.0,บัตรเครดิต,2026-08-15,ชำระเงินแล้ว
STU0054,ปิยธิดา พงษ์ศรี,หญิง,17,ม.5,โรงเรียนขอนแก่นวิทยาลัย,085-6698898,C007,ฟิสิกส์ A-Level,ฟิสิกส์,ครูเอก,3500,40,40,0,54,2026-06-15,0.1,3150.0,ลงทะเบียนสำเร็จ,54.0,3150.0,เงินสด,2026-06-15,ชำระเงินแล้ว
STU0055,ธัญชนก ไพศาล,หญิง,17,ม.5,โรงเรียนนครขอนแก่น,081-5365813,C003,เคมี ม.ปลาย,เคมี,ครูศิริ,2700,40,40,0,55,2026-08-07,0.1,2430.0,ลงทะเบียนสำเร็จ,55.0,2430.0,บัตรเครดิต,2026-08-07,ชำระเงินแล้ว
STU0056,ณัฐพงศ์ ไพศาล,ชาย,17,ม.6,โรงเรียนขอนแก่นวิทยายน,088-1198520,C002,ฟิสิกส์ ม.ปลาย,ฟิสิกส์,ครูเอก,2800,40,40,0,56,2026-07-03,0.1,2520.0,ลงทะเบียนสำเร็จ,56.0,2520.0,พร้อมเพย์,2026-07-03,ชำระเงินแล้ว
STU0057,ปิยธิดา ศรีนวล,หญิง,17,ม.5,โรงเรียนสาธิตมหาวิทยาลัยขอนแก่น ฝ่ายมัธยมศึกษา (มอดินแดง),097-3059962,C008,เคมี A-Level,เคมี,ครูศิริ,3400,40,40,0,57,2026-06-13,0.0,3400.0,ลงทะเบียนสำเร็จ,57.0,3400.0,เงินสด,2026-06-13,ชำระเงินแล้ว
STU0058,พัชรินทร์ เจริญทรัพย์,หญิง,17,ม.6,โรงเรียนนครขอนแก่น,081-7303807,C002,ฟิสิกส์ ม.ปลาย,ฟิสิกส์,ครูเอก,2800,40,40,0,58,2026-07-31,0.05,2660.0,ลงทะเบียนสำเร็จ,58.0,2660.0,พร้อมเพย์,2026-07-31,ชำระเงินแล้ว
STU0059,รินรดา ธรรมวงศ์,หญิง,17,ม.6,โรงเรียนเตรียมอุดมศึกษาพัฒนาการ ขอนแก่น,087-9885532,C004,ชีววิทยา ม.ปลาย,ชีววิทยา,ครูแพรว,2700,40,40,0,59,2026-07-25,0.05,2565.0,ลงทะเบียนสำเร็จ,59.0,2565.0,เงินสด,2026-07-25,ชำระเงินแล้ว
STU0060,ปวริศ แก้วคำ,ชาย,17,ม.6,โรงเรียนขอนแก่นวิทยายน,092-6284628,C005,ภาษาอังกฤษ ม.ปลาย,ภาษาอังกฤษ,ครูณัฐ,2500,40,35,5,60,2026-08-01,0.05,2375.0,ลงทะเบียนสำเร็จ,60.0,2375.0,พร้อมเพย์,2026-08-01,ชำระเงินแล้ว
STU0061,ชยพล รัตนวงศ์,ชาย,15,ม.4,โรงเรียนกัลยาณวัตร,085-2478817,C001,คณิตศาสตร์ ม.ปลาย,คณิตศาสตร์,ครูพิมพ์,2800,40,40,0,61,2026-08-12,0.0,2800.0,ลงทะเบียนสำเร็จ,61.0,2800.0,เงินสด,2026-08-12,ชำระเงินแล้ว
STU0062,ภัทรวดี บุญเลิศ,หญิง,16,ม.5,โรงเรียนเตรียมอุดมศึกษาพัฒนาการ ขอนแก่น,085-4366278,C006,คณิตศาสตร์ A-Level,คณิตศาสตร์,ครูพิมพ์,3500,40,40,0,62,2026-06-25,0.05,3325.0,ลงทะเบียนสำเร็จ,62.0,3325.0,พร้อมเพย์,2026-06-25,ชำระเงินแล้ว
STU0063,ธัญชนก วงศ์สุวรรณ,หญิง,17,ม.6,โรงเรียนขอนแก่นพัฒนศึกษา,093-7062000,C001,คณิตศาสตร์ ม.ปลาย,คณิตศาสตร์,ครูพิมพ์,2800,40,40,0,63,2026-07-24,0.0,2800.0,ลงทะเบียนสำเร็จ,63.0,2800.0,โอนธนาคาร,2026-07-24,ชำระเงินแล้ว
STU0064,ธีรเดช ไพศาล,ชาย,18,ม.6,โรงเรียนสาธิตมหาวิทยาลัยขอนแก่น ฝ่ายมัธยมศึกษา (มอดินแดง),097-2781292,C002,ฟิสิกส์ ม.ปลาย,ฟิสิกส์,ครูเอก,2800,40,40,0,64,2026-08-17,0.0,2800.0,ลงทะเบียนสำเร็จ,64.0,2800.0,โอนธนาคาร,2026-08-17,ชำระเงินแล้ว
STU0065,ศุภกร ไพศาล,ชาย,16,ม.4,โรงเรียนขอนแก่นวิทยายน,084-4421109,C009,ชีววิทยา A-Level,ชีววิทยา,ครูแพรว,3300,40,38,2,65,2026-07-01,0.0,3300.0,ลงทะเบียนสำเร็จ,65.0,3300.0,พร้อมเพย์,2026-07-01,ชำระเงินแล้ว
STU0066,พงศกร วิไลวรรณ,ชาย,16,ม.4,โรงเรียนขอนแก่นพัฒนศึกษา,082-3255701,C008,เคมี A-Level,เคมี,ครูศิริ,3400,40,40,0,66,2026-08-16,0.05,3230.0,ลงทะเบียนสำเร็จ,66.0,3230.0,โอนธนาคาร,2026-08-16,ชำระเงินแล้ว
STU0067,พิมพ์ลภัส พรมมา,หญิง,15,ม.4,โรงเรียนขอนแก่นวิทยาลัย,095-9645083,C008,เคมี A-Level,เคมี,ครูศิริ,3400,40,40,0,67,2026-07-11,0.05,3230.0,ลงทะเบียนสำเร็จ,67.0,3230.0,พร้อมเพย์,2026-07-11,ชำระเงินแล้ว
STU0068,พัณณิตา เจริญวงศ์,หญิง,16,ม.5,โรงเรียนสาธิตมหาวิทยาลัยขอนแก่น ฝ่ายมัธยมศึกษา (ศึกษาศาสตร์),082-4359989,C001,คณิตศาสตร์ ม.ปลาย,คณิตศาสตร์,ครูพิมพ์,2800,40,40,0,68,2026-07-24,0.1,2520.0,ลงทะเบียนสำเร็จ,68.0,2520.0,พร้อมเพย์,2026-07-24,ชำระเงินแล้ว
STU0069,สิรภพ เจริญวงศ์,ชาย,17,ม.5,โรงเรียนนครขอนแก่น,087-3769526,C008,เคมี A-Level,เคมี,ครูศิริ,3400,40,40,0,69,2026-07-04,0.05,3230.0,ลงทะเบียนสำเร็จ,69.0,3230.0,บัตรเครดิต,2026-07-04,ชำระเงินแล้ว
STU0070,วชิรวิทย์ ศรีสวัสดิ์,ชาย,17,ม.6,โรงเรียนนครขอนแก่น,087-9460560,C003,เคมี ม.ปลาย,เคมี,ครูศิริ,2700,40,40,0,70,2026-08-19,0.05,2565.0,ลงทะเบียนสำเร็จ,70.0,2565.0,บัตรเครดิต,2026-08-19,ชำระเงินแล้ว
STU0071,วรัญญา วัฒนกุล,หญิง,17,ม.5,โรงเรียนนครขอนแก่น,085-6534983,C010,ภาษาอังกฤษ A-Level,ภาษาอังกฤษ,ครูณัฐ,3200,40,40,0,71,2026-06-17,0.0,3200.0,ลงทะเบียนสำเร็จ,71.0,3200.0,โอนธนาคาร,2026-06-17,ชำระเงินแล้ว
STU0072,ณัฐณิชา ธรรมวงศ์,หญิง,16,ม.5,โรงเรียนขอนแก่นวิทยายน,083-6733087,C006,คณิตศาสตร์ A-Level,คณิตศาสตร์,ครูพิมพ์,3500,40,40,0,72,2026-06-12,0.1,3150.0,ลงทะเบียนสำเร็จ,72.0,3150.0,บัตรเครดิต,2026-06-12,ชำระเงินแล้ว
STU0073,พิมพ์ชนก วงศ์ษา,หญิง,16,ม.5,โรงเรียนขอนแก่นพัฒนศึกษา,082-4894112,C003,เคมี ม.ปลาย,เคมี,ครูศิริ,2700,40,40,0,73,2026-06-13,0.1,2430.0,ลงทะเบียนสำเร็จ,73.0,2430.0,เงินสด,2026-06-13,ชำระเงินแล้ว
STU0074,อริสา มงคลชัย,หญิง,18,ม.6,โรงเรียนนครขอนแก่น,086-9943592,C009,ชีววิทยา A-Level,ชีววิทยา,ครูแพรว,3300,40,38,2,74,2026-06-23,0.0,3300.0,ลงทะเบียนสำเร็จ,74.0,3300.0,เงินสด,2026-06-23,ชำระเงินแล้ว
STU0075,ชนนท์ มงคลชัย,ชาย,17,ม.5,โรงเรียนสาธิตมหาวิทยาลัยขอนแก่น ฝ่ายมัธยมศึกษา (มอดินแดง),094-1382864,C007,ฟิสิกส์ A-Level,ฟิสิกส์,ครูเอก,3500,40,40,0,75,2026-06-21,0.1,3150.0,ลงทะเบียนสำเร็จ,75.0,3150.0,บัตรเครดิต,2026-06-21,ชำระเงินแล้ว
STU0076,ธีรภัทร ทองคำ,ชาย,17,ม.6,โรงเรียนแก่นนครวิทยาลัย,096-7736985,C005,ภาษาอังกฤษ ม.ปลาย,ภาษาอังกฤษ,ครูณัฐ,2500,40,35,5,76,2026-08-13,0.05,2375.0,ลงทะเบียนสำเร็จ,76.0,2375.0,โอนธนาคาร,2026-08-13,ชำระเงินแล้ว
STU0077,กิตติ วิไลวรรณ,ชาย,16,ม.4,โรงเรียนแก่นนครวิทยาลัย,089-5625339,C005,ภาษาอังกฤษ ม.ปลาย,ภาษาอังกฤษ,ครูณัฐ,2500,40,35,5,77,2026-06-11,0.05,2375.0,ลงทะเบียนสำเร็จ,77.0,2375.0,เงินสด,2026-06-11,ชำระเงินแล้ว
STU0078,พิชญ์สินี วิไลวรรณ,หญิง,18,ม.6,โรงเรียนขอนแก่นวิทยาลัย,083-1756880,C008,เคมี A-Level,เคมี,ครูศิริ,3400,40,40,0,78,2026-06-05,0.1,3060.0,ลงทะเบียนสำเร็จ,78.0,3060.0,เงินสด,2026-06-05,ชำระเงินแล้ว
STU0079,กานต์พิชชา กิตติชัย,หญิง,16,ม.4,โรงเรียนขอนแก่นวิทยาลัย,099-1982227,C008,เคมี A-Level,เคมี,ครูศิริ,3400,40,40,0,79,2026-07-11,0.0,3400.0,ลงทะเบียนสำเร็จ,79.0,3400.0,บัตรเครดิต,2026-07-11,ชำระเงินแล้ว
STU0080,ธนพร เจริญทรัพย์,หญิง,17,ม.5,โรงเรียนนครขอนแก่น,091-7133336,C002,ฟิสิกส์ ม.ปลาย,ฟิสิกส์,ครูเอก,2800,40,40,0,80,2026-08-06,0.0,2800.0,ลงทะเบียนสำเร็จ,80.0,2800.0,โอนธนาคาร,2026-08-06,ชำระเงินแล้ว
STU0081,เขมิกา พูนทรัพย์,หญิง,17,ม.5,โรงเรียนแก่นนครวิทยาลัย,081-1235090,C009,ชีววิทยา A-Level,ชีววิทยา,ครูแพรว,3300,40,38,2,81,2026-08-05,0.05,3135.0,ลงทะเบียนสำเร็จ,81.0,3135.0,เงินสด,2026-08-05,ชำระเงินแล้ว
STU0082,รวิภาส วัฒนกุล,ชาย,17,ม.6,โรงเรียนนครขอนแก่น,094-1885693,C010,ภาษาอังกฤษ A-Level,ภาษาอังกฤษ,ครูณัฐ,3200,40,40,0,82,2026-07-27,0.1,2880.0,ลงทะเบียนสำเร็จ,82.0,2880.0,บัตรเครดิต,2026-07-27,ชำระเงินแล้ว
STU0083,ศิริพร แสงจันทร์,หญิง,18,ม.6,โรงเรียนสาธิตมหาวิทยาลัยขอนแก่น ฝ่ายมัธยมศึกษา (มอดินแดง),088-8206078,C002,ฟิสิกส์ ม.ปลาย,ฟิสิกส์,ครูเอก,2800,40,40,0,83,2026-06-07,0.0,2800.0,ลงทะเบียนสำเร็จ,83.0,2800.0,เงินสด,2026-06-07,ชำระเงินแล้ว
STU0084,กัญญาวีร์ สุวรรณดี,หญิง,16,ม.5,โรงเรียนสาธิตมหาวิทยาลัยขอนแก่น ฝ่ายมัธยมศึกษา (มอดินแดง),096-3422035,C003,เคมี ม.ปลาย,เคมี,ครูศิริ,2700,40,40,0,84,2026-06-15,0.05,2565.0,ลงทะเบียนสำเร็จ,84.0,2565.0,บัตรเครดิต,2026-06-15,ชำระเงินแล้ว
STU0085,พีรพัฒน์ บุญเลิศ,ชาย,17,ม.6,โรงเรียนขอนแก่นวิทยาลัย,084-4416796,C008,เคมี A-Level,เคมี,ครูศิริ,3400,40,40,0,85,2026-07-30,0.0,3400.0,ลงทะเบียนสำเร็จ,85.0,3400.0,โอนธนาคาร,2026-07-30,ชำระเงินแล้ว
STU0086,ภาคิน สวัสดิ์ชัย,ชาย,16,ม.5,โรงเรียนขอนแก่นวิทยาลัย,085-7995650,C003,เคมี ม.ปลาย,เคมี,ครูศิริ,2700,40,40,0,86,2026-08-13,0.1,2430.0,ลงทะเบียนสำเร็จ,86.0,2430.0,บัตรเครดิต,2026-08-13,ชำระเงินแล้ว
STU0087,ณิชาภัทร บุญเลิศ,หญิง,18,ม.6,โรงเรียนขามแก่นนคร,098-3298033,C005,ภาษาอังกฤษ ม.ปลาย,ภาษาอังกฤษ,ครูณัฐ,2500,40,35,5,87,2026-08-18,0.1,2250.0,ลงทะเบียนสำเร็จ,87.0,2250.0,เงินสด,2026-08-18,ชำระเงินแล้ว
STU0088,ปิยธิดา จันทร์แก้ว,หญิง,17,ม.6,โรงเรียนสาธิตมหาวิทยาลัยขอนแก่น ฝ่ายมัธยมศึกษา (มอดินแดง),098-6177484,C006,คณิตศาสตร์ A-Level,คณิตศาสตร์,ครูพิมพ์,3500,40,40,0,88,2026-07-13,0.0,3500.0,ลงทะเบียนสำเร็จ,88.0,3500.0,พร้อมเพย์,2026-07-13,ชำระเงินแล้ว
STU0089,ญาดา ไพศาล,หญิง,17,ม.5,โรงเรียนแก่นนครวิทยาลัย,088-4184574,C007,ฟิสิกส์ A-Level,ฟิสิกส์,ครูเอก,3500,40,40,0,89,2026-08-03,0.0,3500.0,ลงทะเบียนสำเร็จ,89.0,3500.0,บัตรเครดิต,2026-08-03,ชำระเงินแล้ว
STU0090,พงศกร บุญมี,ชาย,17,ม.6,โรงเรียนสาธิตมหาวิทยาลัยขอนแก่น ฝ่ายมัธยมศึกษา (ศึกษาศาสตร์),081-5545609,C009,ชีววิทยา A-Level,ชีววิทยา,ครูแพรว,3300,40,38,2,90,2026-06-12,0.05,3135.0,ลงทะเบียนสำเร็จ,90.0,3135.0,โอนธนาคาร,2026-06-12,ชำระเงินแล้ว
STU0091,ญาดา แก้วมณี,หญิง,16,ม.5,โรงเรียนสาธิตมหาวิทยาลัยขอนแก่น ฝ่ายมัธยมศึกษา (มอดินแดง),088-5668904,C004,ชีววิทยา ม.ปลาย,ชีววิทยา,ครูแพรว,2700,40,40,0,91,2026-07-15,0.0,2700.0,ลงทะเบียนสำเร็จ,91.0,2700.0,เงินสด,2026-07-15,ชำระเงินแล้ว
STU0092,วรากร ทองคำ,ชาย,15,ม.4,โรงเรียนขามแก่นนคร,097-9028829,C005,ภาษาอังกฤษ ม.ปลาย,ภาษาอังกฤษ,ครูณัฐ,2500,40,35,5,92,2026-08-15,0.1,2250.0,ลงทะเบียนสำเร็จ,92.0,2250.0,บัตรเครดิต,2026-08-15,ชำระเงินแล้ว
STU0093,อริสา ศรีนวล,หญิง,16,ม.4,โรงเรียนขอนแก่นวิทยายน,083-3009717,C003,เคมี ม.ปลาย,เคมี,ครูศิริ,2700,40,40,0,93,2026-07-13,0.05,2565.0,ลงทะเบียนสำเร็จ,93.0,2565.0,พร้อมเพย์,2026-07-13,ชำระเงินแล้ว
STU0094,ธัญญารัตน์ ทองใบ,หญิง,17,ม.6,โรงเรียนแก่นนครวิทยาลัย,094-3528076,C009,ชีววิทยา A-Level,ชีววิทยา,ครูแพรว,3300,40,38,2,94,2026-06-27,0.1,2970.0,ลงทะเบียนสำเร็จ,94.0,2970.0,เงินสด,2026-06-27,ชำระเงินแล้ว
STU0095,ธนพร บุญญฤทธิ์,หญิง,16,ม.4,โรงเรียนนครขอนแก่น,093-2627674,C007,ฟิสิกส์ A-Level,ฟิสิกส์,ครูเอก,3500,40,40,0,95,2026-06-06,0.05,3325.0,ลงทะเบียนสำเร็จ,95.0,3325.0,บัตรเครดิต,2026-06-06,ชำระเงินแล้ว
STU0096,รินรดา ศรีสวัสดิ์,หญิง,16,ม.5,โรงเรียนนครขอนแก่น,097-8776446,C005,ภาษาอังกฤษ ม.ปลาย,ภาษาอังกฤษ,ครูณัฐ,2500,40,35,5,96,2026-07-30,0.0,2500.0,ลงทะเบียนสำเร็จ,96.0,2500.0,เงินสด,2026-07-30,ชำระเงินแล้ว
STU0097,สิริกัญญา มงคลชัย,หญิง,15,ม.4,โรงเรียนขอนแก่นพัฒนศึกษา,083-6097006,C002,ฟิสิกส์ ม.ปลาย,ฟิสิกส์,ครูเอก,2800,40,40,0,97,2026-06-18,0.1,2520.0,ลงทะเบียนสำเร็จ,97.0,2520.0,โอนธนาคาร,2026-06-18,ชำระเงินแล้ว
STU0098,ธนพร พงษ์ไพบูลย์,หญิง,18,ม.6,โรงเรียนกัลยาณวัตร,093-6487255,C010,ภาษาอังกฤษ A-Level,ภาษาอังกฤษ,ครูณัฐ,3200,40,40,0,98,2026-08-12,0.0,3200.0,ลงทะเบียนสำเร็จ,98.0,3200.0,พร้อมเพย์,2026-08-12,ชำระเงินแล้ว
STU0099,กุลจิรา สุขสันต์,หญิง,16,ม.4,โรงเรียนขอนแก่นพัฒนศึกษา,089-8348298,C009,ชีววิทยา A-Level,ชีววิทยา,ครูแพรว,3300,40,38,2,99,2026-08-14,0.1,2970.0,ลงทะเบียนสำเร็จ,99.0,2970.0,บัตรเครดิต,2026-08-14,ชำระเงินแล้ว
STU0100,ศศิธร คำภา,หญิง,17,ม.5,โรงเรียนเตรียมอุดมศึกษาพัฒนาการ ขอนแก่น,088-2414103,C008,เคมี A-Level,เคมี,ครูศิริ,3400,40,40,0,100,2026-06-28,0.0,3400.0,ลงทะเบียนสำเร็จ,100.0,3400.0,เงินสด,2026-06-28,ชำระเงินแล้ว
STU0101,วริศรา พรมมา,หญิง,16,ม.5,โรงเรียนขอนแก่นพัฒนศึกษา,094-4270893,C007,ฟิสิกส์ A-Level,ฟิสิกส์,ครูเอก,3500,40,40,0,101,2026-06-21,0.1,3150.0,ลงทะเบียนสำเร็จ,101.0,3150.0,เงินสด,2026-06-21,ชำระเงินแล้ว
STU0102,ชุติกาญจน์ ศรีเจริญ,หญิง,16,ม.5,โรงเรียนขอนแก่นวิทยายน,083-8623050,C008,เคมี A-Level,เคมี,ครูศิริ,3400,40,40,0,102,2026-07-27,0.1,3060.0,ลงทะเบียนสำเร็จ,102.0,3060.0,บัตรเครดิต,2026-07-27,ชำระเงินแล้ว
STU0103,พิชญ์สินี พัฒนกุล,หญิง,15,ม.4,โรงเรียนเตรียมอุดมศึกษาพัฒนาการ ขอนแก่น,086-5964028,C003,เคมี ม.ปลาย,เคมี,ครูศิริ,2700,40,40,0,103,2026-08-03,0.1,2430.0,ลงทะเบียนสำเร็จ,103.0,2430.0,โอนธนาคาร,2026-08-03,ชำระเงินแล้ว
STU0104,วรเมธ ศรีอุดม,ชาย,18,ม.6,โรงเรียนแก่นนครวิทยาลัย,099-2410060,C010,ภาษาอังกฤษ A-Level,ภาษาอังกฤษ,ครูณัฐ,3200,40,40,0,104,2026-06-16,0.0,3200.0,ลงทะเบียนสำเร็จ,104.0,3200.0,เงินสด,2026-06-16,ชำระเงินแล้ว
STU0105,อริสรา ทองดี,หญิง,16,ม.4,โรงเรียนขามแก่นนคร,083-1435533,C006,คณิตศาสตร์ A-Level,คณิตศาสตร์,ครูพิมพ์,3500,40,40,0,105,2026-07-25,0.0,3500.0,ลงทะเบียนสำเร็จ,105.0,3500.0,เงินสด,2026-07-25,ชำระเงินแล้ว
STU0106,รชต พรหมรักษา,ชาย,16,ม.4,โรงเรียนขอนแก่นวิทยาลัย,098-6673521,C004,ชีววิทยา ม.ปลาย,ชีววิทยา,ครูแพรว,2700,40,40,0,106,2026-06-01,0.0,2700.0,ลงทะเบียนสำเร็จ,106.0,2700.0,บัตรเครดิต,2026-06-01,ชำระเงินแล้ว
STU0107,อริสา บุญธรรม,หญิง,17,ม.5,โรงเรียนขอนแก่นวิทยายน,097-9187971,C008,เคมี A-Level,เคมี,ครูศิริ,3400,40,40,0,107,2026-07-16,0.0,3400.0,ลงทะเบียนสำเร็จ,107.0,3400.0,บัตรเครดิต,2026-07-16,ชำระเงินแล้ว
STU0108,ธนวัฒน์ แก้วคำ,ชาย,17,ม.6,โรงเรียนสาธิตมหาวิทยาลัยขอนแก่น ฝ่ายมัธยมศึกษา (ศึกษาศาสตร์),094-2497428,C002,ฟิสิกส์ ม.ปลาย,ฟิสิกส์,ครูเอก,2800,40,40,0,108,2026-07-07,0.0,2800.0,ลงทะเบียนสำเร็จ,108.0,2800.0,เงินสด,2026-07-07,ชำระเงินแล้ว
STU0109,พิชญ์สินี สวัสดิ์ชัย,หญิง,17,ม.6,โรงเรียนสาธิตมหาวิทยาลัยขอนแก่น ฝ่ายมัธยมศึกษา (ศึกษาศาสตร์),084-8073457,C009,ชีววิทยา A-Level,ชีววิทยา,ครูแพรว,3300,40,38,2,109,2026-07-26,0.05,3135.0,ลงทะเบียนสำเร็จ,109.0,3135.0,เงินสด,2026-07-26,ชำระเงินแล้ว
STU0110,อริสรา วัฒนกุล,หญิง,15,ม.4,โรงเรียนนครขอนแก่น,086-6383466,C008,เคมี A-Level,เคมี,ครูศิริ,3400,40,40,0,110,2026-07-30,0.0,3400.0,ลงทะเบียนสำเร็จ,110.0,3400.0,โอนธนาคาร,2026-07-30,ชำระเงินแล้ว
STU0111,ปกรณ์ เกียรติศักดิ์,ชาย,17,ม.5,โรงเรียนแก่นนครวิทยาลัย,082-8909531,C006,คณิตศาสตร์ A-Level,คณิตศาสตร์,ครูพิมพ์,3500,40,40,0,111,2026-08-04,0.05,3325.0,ลงทะเบียนสำเร็จ,111.0,3325.0,บัตรเครดิต,2026-08-04,ชำระเงินแล้ว
STU0112,สิริกัญญา ชัยมงคล,หญิง,17,ม.6,โรงเรียนขอนแก่นวิทยายน,082-8696707,C006,คณิตศาสตร์ A-Level,คณิตศาสตร์,ครูพิมพ์,3500,40,40,0,112,2026-06-19,0.1,3150.0,ลงทะเบียนสำเร็จ,112.0,3150.0,พร้อมเพย์,2026-06-19,ชำระเงินแล้ว
STU0113,ณัฐพงศ์ แสงจันทร์,ชาย,18,ม.6,โรงเรียนสาธิตมหาวิทยาลัยขอนแก่น ฝ่ายมัธยมศึกษา (มอดินแดง),087-4096068,C003,เคมี ม.ปลาย,เคมี,ครูศิริ,2700,40,40,0,113,2026-08-07,0.0,2700.0,ลงทะเบียนสำเร็จ,113.0,2700.0,โอนธนาคาร,2026-08-07,ชำระเงินแล้ว
STU0114,พัณณิตา พงษ์ศรี,หญิง,15,ม.4,โรงเรียนขอนแก่นพัฒนศึกษา,098-4757413,C007,ฟิสิกส์ A-Level,ฟิสิกส์,ครูเอก,3500,40,40,0,114,2026-07-16,0.1,3150.0,ลงทะเบียนสำเร็จ,114.0,3150.0,เงินสด,2026-07-16,ชำระเงินแล้ว
STU0115,ณัฐณิชา ศรีเจริญ,หญิง,16,ม.4,โรงเรียนแก่นนครวิทยาลัย,099-9044526,C001,คณิตศาสตร์ ม.ปลาย,คณิตศาสตร์,ครูพิมพ์,2800,40,40,0,115,2026-06-11,0.1,2520.0,ลงทะเบียนสำเร็จ,115.0,2520.0,พร้อมเพย์,2026-06-11,ชำระเงินแล้ว
STU0116,อริสา เจริญสุข,หญิง,17,ม.5,โรงเรียนขอนแก่นวิทยาลัย,088-7701247,C007,ฟิสิกส์ A-Level,ฟิสิกส์,ครูเอก,3500,40,40,0,116,2026-06-29,0.1,3150.0,ลงทะเบียนสำเร็จ,116.0,3150.0,พร้อมเพย์,2026-06-29,ชำระเงินแล้ว
STU0117,กิตติพงษ์ เจริญทรัพย์,ชาย,15,ม.4,โรงเรียนเตรียมอุดมศึกษาพัฒนาการ ขอนแก่น,089-1972030,C006,คณิตศาสตร์ A-Level,คณิตศาสตร์,ครูพิมพ์,3500,40,40,0,117,2026-06-11,0.0,3500.0,ลงทะเบียนสำเร็จ,117.0,3500.0,โอนธนาคาร,2026-06-11,ชำระเงินแล้ว
STU0118,สิรภพ รัตนกุล,ชาย,16,ม.4,โรงเรียนกัลยาณวัตร,095-3638894,C006,คณิตศาสตร์ A-Level,คณิตศาสตร์,ครูพิมพ์,3500,40,40,0,118,2026-07-18,0.0,3500.0,ลงทะเบียนสำเร็จ,118.0,3500.0,พร้อมเพย์,2026-07-18,ชำระเงินแล้ว
STU0119,สุภัสสรา วรรณศรี,หญิง,16,ม.4,โรงเรียนเตรียมอุดมศึกษาพัฒนาการ ขอนแก่น,085-5471282,C002,ฟิสิกส์ ม.ปลาย,ฟิสิกส์,ครูเอก,2800,40,40,0,119,2026-06-18,0.05,2660.0,ลงทะเบียนสำเร็จ,119.0,2660.0,บัตรเครดิต,2026-06-18,ชำระเงินแล้ว
STU0120,กิตติ ธรรมวงศ์,ชาย,15,ม.4,โรงเรียนขอนแก่นวิทยายน,085-2382887,C001,คณิตศาสตร์ ม.ปลาย,คณิตศาสตร์,ครูพิมพ์,2800,40,40,0,120,2026-08-19,0.1,2520.0,ลงทะเบียนสำเร็จ,120.0,2520.0,บัตรเครดิต,2026-08-19,ชำระเงินแล้ว
STU0121,กานต์พิชชา ชนะชัย,หญิง,16,ม.5,โรงเรียนสาธิตมหาวิทยาลัยขอนแก่น ฝ่ายมัธยมศึกษา (มอดินแดง),099-9488747,C007,ฟิสิกส์ A-Level,ฟิสิกส์,ครูเอก,3500,40,40,0,121,2026-06-23,0.05,3325.0,ลงทะเบียนสำเร็จ,121.0,3325.0,โอนธนาคาร,2026-06-23,ชำระเงินแล้ว
STU0122,สุพิชญา ไพศาล,หญิง,15,ม.4,โรงเรียนสาธิตมหาวิทยาลัยขอนแก่น ฝ่ายมัธยมศึกษา (มอดินแดง),096-4496511,C003,เคมี ม.ปลาย,เคมี,ครูศิริ,2700,40,40,0,122,2026-07-14,0.0,2700.0,ลงทะเบียนสำเร็จ,122.0,2700.0,เงินสด,2026-07-14,ชำระเงินแล้ว
STU0123,ปกรณ์ ศรีนวล,ชาย,18,ม.6,โรงเรียนขอนแก่นวิทยายน,091-6303249,C001,คณิตศาสตร์ ม.ปลาย,คณิตศาสตร์,ครูพิมพ์,2800,40,40,0,123,2026-06-30,0.05,2660.0,ลงทะเบียนสำเร็จ,123.0,2660.0,พร้อมเพย์,2026-06-30,ชำระเงินแล้ว
STU0124,เขมิกา อินทร์แก้ว,หญิง,16,ม.5,โรงเรียนขอนแก่นวิทยาลัย,083-7034923,C003,เคมี ม.ปลาย,เคมี,ครูศิริ,2700,40,40,0,124,2026-06-11,0.1,2430.0,ลงทะเบียนสำเร็จ,124.0,2430.0,โอนธนาคาร,2026-06-11,ชำระเงินแล้ว
STU0125,ชยพล พรมมา,ชาย,17,ม.6,โรงเรียนขอนแก่นวิทยาลัย,084-8471076,C004,ชีววิทยา ม.ปลาย,ชีววิทยา,ครูแพรว,2700,40,40,0,125,2026-07-19,0.0,2700.0,ลงทะเบียนสำเร็จ,125.0,2700.0,เงินสด,2026-07-19,ชำระเงินแล้ว
STU0126,รชต เกียรติศักดิ์,ชาย,17,ม.5,โรงเรียนขอนแก่นพัฒนศึกษา,084-8685438,C006,คณิตศาสตร์ A-Level,คณิตศาสตร์,ครูพิมพ์,3500,40,40,0,126,2026-06-12,0.05,3325.0,ลงทะเบียนสำเร็จ,126.0,3325.0,โอนธนาคาร,2026-06-12,ชำระเงินแล้ว
STU0127,ธนาธิป ชัยมงคล,ชาย,17,ม.6,โรงเรียนแก่นนครวิทยาลัย,094-6003064,C005,ภาษาอังกฤษ ม.ปลาย,ภาษาอังกฤษ,ครูณัฐ,2500,40,35,5,127,2026-07-28,0.0,2500.0,ลงทะเบียนสำเร็จ,127.0,2500.0,เงินสด,2026-07-28,ชำระเงินแล้ว
STU0128,ณิชกานต์ ไพศาล,หญิง,16,ม.5,โรงเรียนกัลยาณวัตร,094-2838512,C008,เคมี A-Level,เคมี,ครูศิริ,3400,40,40,0,128,2026-06-12,0.05,3230.0,ลงทะเบียนสำเร็จ,128.0,3230.0,พร้อมเพย์,2026-06-12,ชำระเงินแล้ว
STU0129,อัญชิสา พงษ์ศรี,หญิง,17,ม.5,โรงเรียนขามแก่นนคร,096-7416246,C008,เคมี A-Level,เคมี,ครูศิริ,3400,40,40,0,129,2026-07-04,0.0,3400.0,ลงทะเบียนสำเร็จ,129.0,3400.0,โอนธนาคาร,2026-07-04,ชำระเงินแล้ว
STU0130,ธนาธิป วิไลวรรณ,ชาย,15,ม.4,โรงเรียนขอนแก่นวิทยายน,086-4017728,C002,ฟิสิกส์ ม.ปลาย,ฟิสิกส์,ครูเอก,2800,40,40,0,130,2026-08-16,0.05,2660.0,ลงทะเบียนสำเร็จ,130.0,2660.0,พร้อมเพย์,2026-08-16,ชำระเงินแล้ว
STU0131,กรวิชญ์ เจริญสุข,ชาย,16,ม.5,โรงเรียนสาธิตมหาวิทยาลัยขอนแก่น ฝ่ายมัธยมศึกษา (มอดินแดง),088-1542881,C006,คณิตศาสตร์ A-Level,คณิตศาสตร์,ครูพิมพ์,3500,40,40,0,131,2026-06-13,0.1,3150.0,ลงทะเบียนสำเร็จ,131.0,3150.0,เงินสด,2026-06-13,ชำระเงินแล้ว
STU0132,ธนวัฒน์ ธรรมรักษ์,ชาย,16,ม.4,โรงเรียนขามแก่นนคร,095-9582643,C003,เคมี ม.ปลาย,เคมี,ครูศิริ,2700,40,40,0,132,2026-06-26,0.05,2565.0,ลงทะเบียนสำเร็จ,132.0,2565.0,โอนธนาคาร,2026-06-26,ชำระเงินแล้ว
STU0133,ศุภกร ไชยวงศ์,ชาย,17,ม.6,โรงเรียนขอนแก่นวิทยาลัย,092-7914570,C004,ชีววิทยา ม.ปลาย,ชีววิทยา,ครูแพรว,2700,40,40,0,133,2026-07-29,0.0,2700.0,ลงทะเบียนสำเร็จ,133.0,2700.0,พร้อมเพย์,2026-07-29,ชำระเงินแล้ว
STU0134,ธนาธิป แสงจันทร์,ชาย,18,ม.6,โรงเรียนกัลยาณวัตร,098-1311074,C005,ภาษาอังกฤษ ม.ปลาย,ภาษาอังกฤษ,ครูณัฐ,2500,40,35,5,134,2026-06-10,0.05,2375.0,ลงทะเบียนสำเร็จ,134.0,2375.0,พร้อมเพย์,2026-06-10,ชำระเงินแล้ว
STU0135,อริสา อินทร์แก้ว,หญิง,16,ม.5,โรงเรียนขอนแก่นวิทยาลัย,084-7335284,C010,ภาษาอังกฤษ A-Level,ภาษาอังกฤษ,ครูณัฐ,3200,40,40,0,135,2026-07-11,0.1,2880.0,ลงทะเบียนสำเร็จ,135.0,2880.0,พร้อมเพย์,2026-07-11,ชำระเงินแล้ว
STU0136,ภาณุวัฒน์ ทองดี,ชาย,18,ม.6,โรงเรียนขอนแก่นพัฒนศึกษา,086-5259380,C004,ชีววิทยา ม.ปลาย,ชีววิทยา,ครูแพรว,2700,40,40,0,136,2026-07-24,0.0,2700.0,ลงทะเบียนสำเร็จ,136.0,2700.0,โอนธนาคาร,2026-07-24,ชำระเงินแล้ว
STU0137,ชญาดา แก้วใส,หญิง,17,ม.6,โรงเรียนเตรียมอุดมศึกษาพัฒนาการ ขอนแก่น,085-4324729,C009,ชีววิทยา A-Level,ชีววิทยา,ครูแพรว,3300,40,38,2,137,2026-06-07,0.0,3300.0,ลงทะเบียนสำเร็จ,137.0,3300.0,พร้อมเพย์,2026-06-07,ชำระเงินแล้ว
STU0138,รวิภาส วงศ์สุวรรณ,ชาย,17,ม.6,โรงเรียนสาธิตมหาวิทยาลัยขอนแก่น ฝ่ายมัธยมศึกษา (มอดินแดง),085-5103696,C005,ภาษาอังกฤษ ม.ปลาย,ภาษาอังกฤษ,ครูณัฐ,2500,40,35,5,138,2026-07-08,0.05,2375.0,ลงทะเบียนสำเร็จ,138.0,2375.0,บัตรเครดิต,2026-07-08,ชำระเงินแล้ว
STU0139,พัชรินทร์ บุญธรรม,หญิง,18,ม.6,โรงเรียนขามแก่นนคร,083-7059911,C007,ฟิสิกส์ A-Level,ฟิสิกส์,ครูเอก,3500,40,40,0,139,2026-06-10,0.05,3325.0,ลงทะเบียนสำเร็จ,139.0,3325.0,เงินสด,2026-06-10,ชำระเงินแล้ว
STU0140,ธัญญารัตน์ รัตนวงศ์,หญิง,16,ม.5,โรงเรียนกัลยาณวัตร,099-2066814,C010,ภาษาอังกฤษ A-Level,ภาษาอังกฤษ,ครูณัฐ,3200,40,40,0,140,2026-06-10,0.05,3040.0,ลงทะเบียนสำเร็จ,140.0,3040.0,เงินสด,2026-06-10,ชำระเงินแล้ว
STU0141,พัณณิตา พงษ์ไพบูลย์,หญิง,16,ม.4,โรงเรียนสาธิตมหาวิทยาลัยขอนแก่น ฝ่ายมัธยมศึกษา (มอดินแดง),081-5841553,C007,ฟิสิกส์ A-Level,ฟิสิกส์,ครูเอก,3500,40,40,0,141,2026-07-22,0.0,3500.0,ลงทะเบียนสำเร็จ,141.0,3500.0,เงินสด,2026-07-22,ชำระเงินแล้ว
STU0142,พิชญาภา บุญญฤทธิ์,หญิง,16,ม.4,โรงเรียนขอนแก่นพัฒนศึกษา,099-2279620,C010,ภาษาอังกฤษ A-Level,ภาษาอังกฤษ,ครูณัฐ,3200,40,40,0,142,2026-07-27,0.05,3040.0,ลงทะเบียนสำเร็จ,142.0,3040.0,เงินสด,2026-07-27,ชำระเงินแล้ว
STU0143,กมลชนก รัตนวงศ์,หญิง,16,ม.4,โรงเรียนแก่นนครวิทยาลัย,094-1274293,C004,ชีววิทยา ม.ปลาย,ชีววิทยา,ครูแพรว,2700,40,40,0,143,2026-06-09,0.05,2565.0,ลงทะเบียนสำเร็จ,143.0,2565.0,เงินสด,2026-06-09,ชำระเงินแล้ว
STU0144,กรวิชญ์ แก้วมณี,ชาย,16,ม.4,โรงเรียนขอนแก่นวิทยายน,098-7482343,C001,คณิตศาสตร์ ม.ปลาย,คณิตศาสตร์,ครูพิมพ์,2800,40,40,0,144,2026-07-23,0.05,2660.0,ลงทะเบียนสำเร็จ,144.0,2660.0,เงินสด,2026-07-23,ชำระเงินแล้ว
STU0145,พศิน ศรีทอง,ชาย,18,ม.6,โรงเรียนเตรียมอุดมศึกษาพัฒนาการ ขอนแก่น,085-5423450,C005,ภาษาอังกฤษ ม.ปลาย,ภาษาอังกฤษ,ครูณัฐ,2500,40,35,5,145,2026-07-08,0.1,2250.0,ลงทะเบียนสำเร็จ,145.0,2250.0,บัตรเครดิต,2026-07-08,ชำระเงินแล้ว
STU0146,พีรพัฒน์ แก้วมณี,ชาย,18,ม.6,โรงเรียนขอนแก่นวิทยายน,094-9347542,C007,ฟิสิกส์ A-Level,ฟิสิกส์,ครูเอก,3500,40,40,0,146,2026-08-08,0.1,3150.0,ลงทะเบียนสำเร็จ,146.0,3150.0,พร้อมเพย์,2026-08-08,ชำระเงินแล้ว
STU0147,ธนวัฒน์ ศรีสมบัติ,ชาย,17,ม.5,โรงเรียนแก่นนครวิทยาลัย,097-8776278,C005,ภาษาอังกฤษ ม.ปลาย,ภาษาอังกฤษ,ครูณัฐ,2500,40,35,5,147,2026-06-03,0.05,2375.0,ลงทะเบียนสำเร็จ,147.0,2375.0,โอนธนาคาร,2026-06-03,ชำระเงินแล้ว
STU0148,อัญชิสา บุญส่ง,หญิง,16,ม.5,โรงเรียนเตรียมอุดมศึกษาพัฒนาการ ขอนแก่น,092-9808057,C008,เคมี A-Level,เคมี,ครูศิริ,3400,40,40,0,148,2026-06-06,0.1,3060.0,ลงทะเบียนสำเร็จ,148.0,3060.0,พร้อมเพย์,2026-06-06,ชำระเงินแล้ว
STU0149,พิมพ์ลภัส แสงทอง,หญิง,16,ม.5,โรงเรียนแก่นนครวิทยาลัย,095-7316383,C006,คณิตศาสตร์ A-Level,คณิตศาสตร์,ครูพิมพ์,3500,40,40,0,149,2026-08-02,0.1,3150.0,ลงทะเบียนสำเร็จ,149.0,3150.0,โอนธนาคาร,2026-08-02,ชำระเงินแล้ว
STU0150,ปิยธิดา ศรีวงศ์,หญิง,16,ม.5,โรงเรียนขอนแก่นวิทยาลัย,088-9432807,C007,ฟิสิกส์ A-Level,ฟิสิกส์,ครูเอก,3500,40,40,0,150,2026-07-05,0.0,3500.0,ลงทะเบียนสำเร็จ,150.0,3500.0,โอนธนาคาร,2026-07-05,ชำระเงินแล้ว
STU0151,พัชรินทร์ ทองดี,หญิง,16,ม.4,โรงเรียนเตรียมอุดมศึกษาพัฒนาการ ขอนแก่น,088-6138841,C010,ภาษาอังกฤษ A-Level,ภาษาอังกฤษ,ครูณัฐ,3200,40,40,0,151,2026-06-01,0.0,3200.0,ลงทะเบียนสำเร็จ,151.0,3200.0,บัตรเครดิต,2026-06-01,ชำระเงินแล้ว
STU0152,ธิดารัตน์ เจริญวงศ์,หญิง,15,ม.4,โรงเรียนเตรียมอุดมศึกษาพัฒนาการ ขอนแก่น,095-3753554,C005,ภาษาอังกฤษ ม.ปลาย,ภาษาอังกฤษ,ครูณัฐ,2500,40,35,5,152,2026-06-21,0.05,2375.0,ลงทะเบียนสำเร็จ,152.0,2375.0,พร้อมเพย์,2026-06-21,ชำระเงินแล้ว
STU0153,กฤติน ศรีวงศ์,ชาย,18,ม.6,โรงเรียนสาธิตมหาวิทยาลัยขอนแก่น ฝ่ายมัธยมศึกษา (มอดินแดง),084-9718155,C002,ฟิสิกส์ ม.ปลาย,ฟิสิกส์,ครูเอก,2800,40,40,0,153,2026-06-04,0.0,2800.0,ลงทะเบียนสำเร็จ,153.0,2800.0,พร้อมเพย์,2026-06-04,ชำระเงินแล้ว
STU0154,กิตติ เกียรติศักดิ์,ชาย,16,ม.4,โรงเรียนกัลยาณวัตร,091-1401384,C008,เคมี A-Level,เคมี,ครูศิริ,3400,40,40,0,154,2026-06-03,0.1,3060.0,ลงทะเบียนสำเร็จ,154.0,3060.0,เงินสด,2026-06-03,ชำระเงินแล้ว
STU0155,ธัญญารัตน์ รัตนกุล,หญิง,15,ม.4,โรงเรียนเตรียมอุดมศึกษาพัฒนาการ ขอนแก่น,094-3370268,C001,คณิตศาสตร์ ม.ปลาย,คณิตศาสตร์,ครูพิมพ์,2800,40,40,0,155,2026-06-01,0.05,2660.0,ลงทะเบียนสำเร็จ,155.0,2660.0,บัตรเครดิต,2026-06-01,ชำระเงินแล้ว
STU0156,กัญญาวีร์ อินทร์แก้ว,หญิง,17,ม.6,โรงเรียนสาธิตมหาวิทยาลัยขอนแก่น ฝ่ายมัธยมศึกษา (ศึกษาศาสตร์),096-6264441,C008,เคมี A-Level,เคมี,ครูศิริ,3400,40,40,0,156,2026-08-07,0.1,3060.0,ลงทะเบียนสำเร็จ,156.0,3060.0,เงินสด,2026-08-07,ชำระเงินแล้ว
STU0157,สุภัสสรา พงษ์ศรี,หญิง,17,ม.5,โรงเรียนกัลยาณวัตร,087-5955123,C003,เคมี ม.ปลาย,เคมี,ครูศิริ,2700,40,40,0,157,2026-07-24,0.0,2700.0,ลงทะเบียนสำเร็จ,157.0,2700.0,พร้อมเพย์,2026-07-24,ชำระเงินแล้ว
STU0158,เอกภพ พงษ์ศรี,ชาย,16,ม.4,โรงเรียนสาธิตมหาวิทยาลัยขอนแก่น ฝ่ายมัธยมศึกษา (ศึกษาศาสตร์),086-4389171,C002,ฟิสิกส์ ม.ปลาย,ฟิสิกส์,ครูเอก,2800,40,40,0,158,2026-08-11,0.05,2660.0,ลงทะเบียนสำเร็จ,158.0,2660.0,พร้อมเพย์,2026-08-11,ชำระเงินแล้ว
STU0159,ชนนท์ ทองดี,ชาย,15,ม.4,โรงเรียนแก่นนครวิทยาลัย,092-5595147,C008,เคมี A-Level,เคมี,ครูศิริ,3400,40,40,0,159,2026-07-15,0.0,3400.0,ลงทะเบียนสำเร็จ,159.0,3400.0,บัตรเครดิต,2026-07-15,ชำระเงินแล้ว
STU0160,อริสา สุขสันต์,หญิง,17,ม.6,โรงเรียนนครขอนแก่น,083-3841951,C007,ฟิสิกส์ A-Level,ฟิสิกส์,ครูเอก,3500,40,40,0,160,2026-08-04,0.05,3325.0,ลงทะเบียนสำเร็จ,160.0,3325.0,โอนธนาคาร,2026-08-04,ชำระเงินแล้ว
STU0161,อธิพัฒน์ วงศ์สุวรรณ,ชาย,16,ม.5,โรงเรียนแก่นนครวิทยาลัย,086-4950118,C007,ฟิสิกส์ A-Level,ฟิสิกส์,ครูเอก,3500,40,40,0,161,2026-06-19,0.1,3150.0,ลงทะเบียนสำเร็จ,161.0,3150.0,พร้อมเพย์,2026-06-19,ชำระเงินแล้ว
STU0162,วรรณวิสา เจริญทรัพย์,หญิง,17,ม.5,โรงเรียนสาธิตมหาวิทยาลัยขอนแก่น ฝ่ายมัธยมศึกษา (มอดินแดง),098-4841899,C005,ภาษาอังกฤษ ม.ปลาย,ภาษาอังกฤษ,ครูณัฐ,2500,40,35,5,162,2026-08-08,0.05,2375.0,ลงทะเบียนสำเร็จ,162.0,2375.0,บัตรเครดิต,2026-08-08,ชำระเงินแล้ว
STU0163,กุลธิดา สมบูรณ์,หญิง,15,ม.4,โรงเรียนสาธิตมหาวิทยาลัยขอนแก่น ฝ่ายมัธยมศึกษา (มอดินแดง),096-2279343,C010,ภาษาอังกฤษ A-Level,ภาษาอังกฤษ,ครูณัฐ,3200,40,40,0,163,2026-08-06,0.1,2880.0,ลงทะเบียนสำเร็จ,163.0,2880.0,เงินสด,2026-08-06,ชำระเงินแล้ว
STU0164,พิชญ์สินี บุญมี,หญิง,17,ม.6,โรงเรียนสาธิตมหาวิทยาลัยขอนแก่น ฝ่ายมัธยมศึกษา (ศึกษาศาสตร์),091-5209458,C001,คณิตศาสตร์ ม.ปลาย,คณิตศาสตร์,ครูพิมพ์,2800,40,40,0,164,2026-08-08,0.1,2520.0,ลงทะเบียนสำเร็จ,164.0,2520.0,บัตรเครดิต,2026-08-08,ชำระเงินแล้ว
STU0165,พิชญาภา พูนทรัพย์,หญิง,17,ม.6,โรงเรียนกัลยาณวัตร,088-4008645,C010,ภาษาอังกฤษ A-Level,ภาษาอังกฤษ,ครูณัฐ,3200,40,40,0,165,2026-06-07,0.1,2880.0,ลงทะเบียนสำเร็จ,165.0,2880.0,เงินสด,2026-06-07,ชำระเงินแล้ว
STU0166,กมลชนก ชัยมงคล,หญิง,17,ม.6,โรงเรียนสาธิตมหาวิทยาลัยขอนแก่น ฝ่ายมัธยมศึกษา (ศึกษาศาสตร์),096-7454368,C010,ภาษาอังกฤษ A-Level,ภาษาอังกฤษ,ครูณัฐ,3200,40,40,0,166,2026-06-17,0.05,3040.0,ลงทะเบียนสำเร็จ,166.0,3040.0,โอนธนาคาร,2026-06-17,ชำระเงินแล้ว
STU0167,พศิน สุวรรณ,ชาย,16,ม.5,โรงเรียนเตรียมอุดมศึกษาพัฒนาการ ขอนแก่น,093-6382170,C007,ฟิสิกส์ A-Level,ฟิสิกส์,ครูเอก,3500,40,40,0,167,2026-08-14,0.0,3500.0,ลงทะเบียนสำเร็จ,167.0,3500.0,เงินสด,2026-08-14,ชำระเงินแล้ว
STU0168,ศุภัคสร สุวรรณดี,หญิง,16,ม.4,โรงเรียนเตรียมอุดมศึกษาพัฒนาการ ขอนแก่น,086-3771178,C003,เคมี ม.ปลาย,เคมี,ครูศิริ,2700,40,40,0,168,2026-07-05,0.1,2430.0,ลงทะเบียนสำเร็จ,168.0,2430.0,โอนธนาคาร,2026-07-05,ชำระเงินแล้ว
STU0169,รชต สุขสันต์,ชาย,18,ม.6,โรงเรียนเตรียมอุดมศึกษาพัฒนาการ ขอนแก่น,089-4958390,C003,เคมี ม.ปลาย,เคมี,ครูศิริ,2700,40,40,0,169,2026-06-15,0.05,2565.0,ลงทะเบียนสำเร็จ,169.0,2565.0,เงินสด,2026-06-15,ชำระเงินแล้ว
STU0170,ชุติกาญจน์ ศรีนวล,หญิง,16,ม.5,โรงเรียนแก่นนครวิทยาลัย,082-4397510,C005,ภาษาอังกฤษ ม.ปลาย,ภาษาอังกฤษ,ครูณัฐ,2500,40,35,5,170,2026-06-01,0.05,2375.0,ลงทะเบียนสำเร็จ,170.0,2375.0,เงินสด,2026-06-01,ชำระเงินแล้ว
STU0171,พศิน ทองสุข,ชาย,18,ม.6,โรงเรียนขอนแก่นวิทยายน,081-9323252,C006,คณิตศาสตร์ A-Level,คณิตศาสตร์,ครูพิมพ์,3500,40,40,0,171,2026-07-19,0.0,3500.0,ลงทะเบียนสำเร็จ,171.0,3500.0,เงินสด,2026-07-19,ชำระเงินแล้ว
STU0172,ธิดารัตน์ วรรณศรี,หญิง,18,ม.6,โรงเรียนสาธิตมหาวิทยาลัยขอนแก่น ฝ่ายมัธยมศึกษา (ศึกษาศาสตร์),083-2917447,C005,ภาษาอังกฤษ ม.ปลาย,ภาษาอังกฤษ,ครูณัฐ,2500,40,35,5,172,2026-07-23,0.0,2500.0,ลงทะเบียนสำเร็จ,172.0,2500.0,บัตรเครดิต,2026-07-23,ชำระเงินแล้ว
STU0173,ธนาธิป พงษ์ไพบูลย์,ชาย,17,ม.6,โรงเรียนสาธิตมหาวิทยาลัยขอนแก่น ฝ่ายมัธยมศึกษา (ศึกษาศาสตร์),091-8136353,C008,เคมี A-Level,เคมี,ครูศิริ,3400,40,40,0,173,2026-06-08,0.1,3060.0,ลงทะเบียนสำเร็จ,173.0,3060.0,บัตรเครดิต,2026-06-08,ชำระเงินแล้ว
STU0174,ธนาธิป เจริญทรัพย์,ชาย,18,ม.6,โรงเรียนแก่นนครวิทยาลัย,097-2484397,C010,ภาษาอังกฤษ A-Level,ภาษาอังกฤษ,ครูณัฐ,3200,40,40,0,174,2026-08-07,0.1,2880.0,ลงทะเบียนสำเร็จ,174.0,2880.0,พร้อมเพย์,2026-08-07,ชำระเงินแล้ว
STU0175,รชต วัฒนกุล,ชาย,17,ม.5,โรงเรียนขอนแก่นวิทยาลัย,096-2025793,C002,ฟิสิกส์ ม.ปลาย,ฟิสิกส์,ครูเอก,2800,40,40,0,175,2026-07-27,0.0,2800.0,ลงทะเบียนสำเร็จ,175.0,2800.0,บัตรเครดิต,2026-07-27,ชำระเงินแล้ว
STU0176,วริศรา มงคลชัย,หญิง,17,ม.5,โรงเรียนสาธิตมหาวิทยาลัยขอนแก่น ฝ่ายมัธยมศึกษา (ศึกษาศาสตร์),085-9213087,C008,เคมี A-Level,เคมี,ครูศิริ,3400,40,40,0,176,2026-07-14,0.0,3400.0,ลงทะเบียนสำเร็จ,176.0,3400.0,เงินสด,2026-07-14,ชำระเงินแล้ว
STU0177,ปกรณ์ บุญมี,ชาย,16,ม.4,โรงเรียนสาธิตมหาวิทยาลัยขอนแก่น ฝ่ายมัธยมศึกษา (ศึกษาศาสตร์),088-7876246,C003,เคมี ม.ปลาย,เคมี,ครูศิริ,2700,40,40,0,177,2026-08-14,0.0,2700.0,ลงทะเบียนสำเร็จ,177.0,2700.0,พร้อมเพย์,2026-08-14,ชำระเงินแล้ว
STU0178,วรากร ชูศรี,ชาย,16,ม.4,โรงเรียนขอนแก่นวิทยาลัย,095-2283243,C007,ฟิสิกส์ A-Level,ฟิสิกส์,ครูเอก,3500,40,40,0,178,2026-06-16,0.05,3325.0,ลงทะเบียนสำเร็จ,178.0,3325.0,เงินสด,2026-06-16,ชำระเงินแล้ว
STU0179,ภาณุวัฒน์ บุญเรือง,ชาย,17,ม.6,โรงเรียนสาธิตมหาวิทยาลัยขอนแก่น ฝ่ายมัธยมศึกษา (มอดินแดง),099-5054755,C008,เคมี A-Level,เคมี,ครูศิริ,3400,40,40,0,179,2026-07-05,0.0,3400.0,ลงทะเบียนสำเร็จ,179.0,3400.0,บัตรเครดิต,2026-07-05,ชำระเงินแล้ว
STU0180,ศศิธร สวัสดิ์ชัย,หญิง,16,ม.5,โรงเรียนแก่นนครวิทยาลัย,092-4662877,C009,ชีววิทยา A-Level,ชีววิทยา,ครูแพรว,3300,40,38,2,180,2026-08-04,0.1,2970.0,ลงทะเบียนสำเร็จ,180.0,2970.0,บัตรเครดิต,2026-08-04,ชำระเงินแล้ว
STU0181,ณัฐภัทร พัฒนกุล,ชาย,16,ม.4,โรงเรียนขามแก่นนคร,086-8761065,C002,ฟิสิกส์ ม.ปลาย,ฟิสิกส์,ครูเอก,2800,40,40,0,181,2026-07-13,0.0,2800.0,ลงทะเบียนสำเร็จ,181.0,2800.0,โอนธนาคาร,2026-07-13,ชำระเงินแล้ว
STU0182,กัญญาณัฐ แสงทอง,หญิง,16,ม.4,โรงเรียนกัลยาณวัตร,095-6828607,C007,ฟิสิกส์ A-Level,ฟิสิกส์,ครูเอก,3500,40,40,0,182,2026-08-05,0.05,3325.0,ลงทะเบียนสำเร็จ,182.0,3325.0,บัตรเครดิต,2026-08-05,ชำระเงินแล้ว
STU0183,พีรพงศ์ ธรรมวงศ์,ชาย,15,ม.4,โรงเรียนนครขอนแก่น,087-8846893,C008,เคมี A-Level,เคมี,ครูศิริ,3400,40,40,0,183,2026-07-26,0.1,3060.0,ลงทะเบียนสำเร็จ,183.0,3060.0,เงินสด,2026-07-26,ชำระเงินแล้ว
STU0184,นภัสสร บุญญฤทธิ์,หญิง,17,ม.5,โรงเรียนขอนแก่นวิทยาลัย,087-7425014,C003,เคมี ม.ปลาย,เคมี,ครูศิริ,2700,40,40,0,184,2026-07-10,0.1,2430.0,ลงทะเบียนสำเร็จ,184.0,2430.0,พร้อมเพย์,2026-07-10,ชำระเงินแล้ว
STU0185,พัชรินทร์ รัตนชัย,หญิง,15,ม.4,โรงเรียนขามแก่นนคร,089-1311477,C001,คณิตศาสตร์ ม.ปลาย,คณิตศาสตร์,ครูพิมพ์,2800,40,40,0,185,2026-08-07,0.1,2520.0,ลงทะเบียนสำเร็จ,185.0,2520.0,โอนธนาคาร,2026-08-07,ชำระเงินแล้ว
STU0186,ธีรเดช พรมมา,ชาย,18,ม.6,โรงเรียนขอนแก่นพัฒนศึกษา,087-5506730,C004,ชีววิทยา ม.ปลาย,ชีววิทยา,ครูแพรว,2700,40,40,0,186,2026-07-02,0.1,2430.0,ลงทะเบียนสำเร็จ,186.0,2430.0,โอนธนาคาร,2026-07-02,ชำระเงินแล้ว
STU0187,ศุภกร สวัสดิ์ชัย,ชาย,16,ม.5,โรงเรียนขอนแก่นวิทยายน,088-3000584,C004,ชีววิทยา ม.ปลาย,ชีววิทยา,ครูแพรว,2700,40,40,0,187,2026-08-01,0.05,2565.0,ลงทะเบียนสำเร็จ,187.0,2565.0,บัตรเครดิต,2026-08-01,ชำระเงินแล้ว
STU0188,ณัฐดนัย ศรีสวัสดิ์,ชาย,17,ม.5,โรงเรียนนครขอนแก่น,092-5299581,C010,ภาษาอังกฤษ A-Level,ภาษาอังกฤษ,ครูณัฐ,3200,40,40,0,188,2026-07-15,0.1,2880.0,ลงทะเบียนสำเร็จ,188.0,2880.0,โอนธนาคาร,2026-07-15,ชำระเงินแล้ว
STU0189,ภูวดล ทองคำ,ชาย,17,ม.5,โรงเรียนขอนแก่นวิทยาลัย,082-4149546,C005,ภาษาอังกฤษ ม.ปลาย,ภาษาอังกฤษ,ครูณัฐ,2500,40,35,5,189,2026-06-03,0.05,2375.0,ลงทะเบียนสำเร็จ,189.0,2375.0,พร้อมเพย์,2026-06-03,ชำระเงินแล้ว
STU0190,ณัฐพงศ์ ธรรมวงศ์,ชาย,17,ม.6,โรงเรียนแก่นนครวิทยาลัย,095-8114438,C003,เคมี ม.ปลาย,เคมี,ครูศิริ,2700,40,40,0,190,2026-06-27,0.0,2700.0,ลงทะเบียนสำเร็จ,190.0,2700.0,โอนธนาคาร,2026-06-27,ชำระเงินแล้ว
STU0191,พิชญ์สินี วรรณศรี,หญิง,17,ม.6,โรงเรียนขามแก่นนคร,096-7324900,C001,คณิตศาสตร์ ม.ปลาย,คณิตศาสตร์,ครูพิมพ์,2800,40,40,0,191,2026-07-01,0.1,2520.0,ลงทะเบียนสำเร็จ,191.0,2520.0,บัตรเครดิต,2026-07-01,ชำระเงินแล้ว
STU0192,ภัทรดนัย รัตนกุล,ชาย,16,ม.4,โรงเรียนนครขอนแก่น,085-7484510,C002,ฟิสิกส์ ม.ปลาย,ฟิสิกส์,ครูเอก,2800,40,40,0,192,2026-06-16,0.0,2800.0,ลงทะเบียนสำเร็จ,192.0,2800.0,บัตรเครดิต,2026-06-16,ชำระเงินแล้ว
STU0193,ธนพร เจริญวงศ์,หญิง,15,ม.4,โรงเรียนขามแก่นนคร,087-3353911,C002,ฟิสิกส์ ม.ปลาย,ฟิสิกส์,ครูเอก,2800,40,40,0,193,2026-08-10,0.05,2660.0,ลงทะเบียนสำเร็จ,193.0,2660.0,พร้อมเพย์,2026-08-10,ชำระเงินแล้ว
STU0194,กฤติน ศรีสุข,ชาย,16,ม.4,โรงเรียนแก่นนครวิทยาลัย,083-4627325,C002,ฟิสิกส์ ม.ปลาย,ฟิสิกส์,ครูเอก,2800,40,40,0,194,2026-07-06,0.05,2660.0,ลงทะเบียนสำเร็จ,194.0,2660.0,โอนธนาคาร,2026-07-06,ชำระเงินแล้ว
STU0195,วริศรา ทองคำ,หญิง,17,ม.6,โรงเรียนแก่นนครวิทยาลัย,083-8175685,C010,ภาษาอังกฤษ A-Level,ภาษาอังกฤษ,ครูณัฐ,3200,40,40,0,195,2026-06-17,0.05,3040.0,ลงทะเบียนสำเร็จ,195.0,3040.0,เงินสด,2026-06-17,ชำระเงินแล้ว
STU0196,พีรพัฒน์ บุญชู,ชาย,17,ม.5,โรงเรียนนครขอนแก่น,092-5774207,C006,คณิตศาสตร์ A-Level,คณิตศาสตร์,ครูพิมพ์,3500,40,40,0,196,2026-07-05,0.1,3150.0,ลงทะเบียนสำเร็จ,196.0,3150.0,พร้อมเพย์,2026-07-05,ชำระเงินแล้ว
STU0197,ศศิธร วัฒนกุล,หญิง,18,ม.6,โรงเรียนนครขอนแก่น,087-8972905,C009,ชีววิทยา A-Level,ชีววิทยา,ครูแพรว,3300,40,38,2,197,2026-07-12,0.1,2970.0,ลงทะเบียนสำเร็จ,197.0,2970.0,เงินสด,2026-07-12,ชำระเงินแล้ว
STU0198,ปกรณ์ เจริญสุข,ชาย,16,ม.5,โรงเรียนขามแก่นนคร,095-3529889,C003,เคมี ม.ปลาย,เคมี,ครูศิริ,2700,40,40,0,198,2026-07-03,0.0,2700.0,ลงทะเบียนสำเร็จ,198.0,2700.0,บัตรเครดิต,2026-07-03,ชำระเงินแล้ว
STU0199,พัชรินทร์ อินทร์แก้ว,หญิง,18,ม.6,โรงเรียนสาธิตมหาวิทยาลัยขอนแก่น ฝ่ายมัธยมศึกษา (ศึกษาศาสตร์),094-3018977,C004,ชีววิทยา ม.ปลาย,ชีววิทยา,ครูแพรว,2700,40,40,0,199,2026-06-29,0.0,2700.0,ลงทะเบียนสำเร็จ,199.0,2700.0,บัตรเครดิต,2026-06-29,ชำระเงินแล้ว
STU0200,กุลธิดา แสงทอง,หญิง,16,ม.4,โรงเรียนนครขอนแก่น,097-6033022,C002,ฟิสิกส์ ม.ปลาย,ฟิสิกส์,ครูเอก,2800,40,40,0,200,2026-07-23,0.0,2800.0,ลงทะเบียนสำเร็จ,200.0,2800.0,พร้อมเพย์,2026-07-23,ชำระเงินแล้ว
STU0201,ณิชกานต์ ธรรมรักษ์,หญิง,18,ม.6,โรงเรียนสาธิตมหาวิทยาลัยขอนแก่น ฝ่ายมัธยมศึกษา (ศึกษาศาสตร์),082-6823148,C006,คณิตศาสตร์ A-Level,คณิตศาสตร์,ครูพิมพ์,3500,40,40,0,201,2026-06-10,0.1,3150.0,ลงทะเบียนสำเร็จ,201.0,3150.0,เงินสด,2026-06-10,ชำระเงินแล้ว
STU0202,ณิชกานต์ บุญญฤทธิ์,หญิง,17,ม.5,โรงเรียนขอนแก่นวิทยาลัย,094-6728398,C001,คณิตศาสตร์ ม.ปลาย,คณิตศาสตร์,ครูพิมพ์,2800,40,40,0,202,2026-07-21,0.0,2800.0,ลงทะเบียนสำเร็จ,202.0,2800.0,บัตรเครดิต,2026-07-21,ชำระเงินแล้ว
STU0203,ชลธิชา แสงทอง,หญิง,15,ม.4,โรงเรียนขอนแก่นพัฒนศึกษา,099-7894694,C001,คณิตศาสตร์ ม.ปลาย,คณิตศาสตร์,ครูพิมพ์,2800,40,40,0,203,2026-08-02,0.1,2520.0,ลงทะเบียนสำเร็จ,203.0,2520.0,โอนธนาคาร,2026-08-02,ชำระเงินแล้ว
STU0204,ชลธิชา ชนะชัย,หญิง,16,ม.4,โรงเรียนขอนแก่นวิทยาลัย,094-7458782,C001,คณิตศาสตร์ ม.ปลาย,คณิตศาสตร์,ครูพิมพ์,2800,40,40,0,204,2026-07-28,0.1,2520.0,ลงทะเบียนสำเร็จ,204.0,2520.0,เงินสด,2026-07-28,ชำระเงินแล้ว
STU0205,พีรวิชญ์ ศรีนวล,ชาย,16,ม.4,โรงเรียนขามแก่นนคร,097-1354013,C004,ชีววิทยา ม.ปลาย,ชีววิทยา,ครูแพรว,2700,40,40,0,205,2026-07-11,0.1,2430.0,ลงทะเบียนสำเร็จ,205.0,2430.0,เงินสด,2026-07-11,ชำระเงินแล้ว
STU0206,ศุภณัฐ จันทร์ดี,ชาย,17,ม.6,โรงเรียนแก่นนครวิทยาลัย,088-4935106,C007,ฟิสิกส์ A-Level,ฟิสิกส์,ครูเอก,3500,40,40,0,206,2026-06-08,0.05,3325.0,ลงทะเบียนสำเร็จ,206.0,3325.0,เงินสด,2026-06-08,ชำระเงินแล้ว
STU0207,กิตติ ทองคำ,ชาย,18,ม.6,โรงเรียนเตรียมอุดมศึกษาพัฒนาการ ขอนแก่น,097-2326110,C002,ฟิสิกส์ ม.ปลาย,ฟิสิกส์,ครูเอก,2800,40,40,0,207,2026-07-22,0.05,2660.0,ลงทะเบียนสำเร็จ,207.0,2660.0,โอนธนาคาร,2026-07-22,ชำระเงินแล้ว
STU0208,ธัญชนก สายทอง,หญิง,17,ม.5,โรงเรียนขามแก่นนคร,087-7647663,C008,เคมี A-Level,เคมี,ครูศิริ,3400,40,40,0,208,2026-06-20,0.0,3400.0,ลงทะเบียนสำเร็จ,208.0,3400.0,พร้อมเพย์,2026-06-20,ชำระเงินแล้ว
STU0209,ธนกร บุญธรรม,ชาย,15,ม.4,โรงเรียนขอนแก่นพัฒนศึกษา,097-5927098,C008,เคมี A-Level,เคมี,ครูศิริ,3400,40,40,0,209,2026-08-10,0.05,3230.0,ลงทะเบียนสำเร็จ,209.0,3230.0,บัตรเครดิต,2026-08-10,ชำระเงินแล้ว
STU0210,วริศรา มณีรัตน์,หญิง,17,ม.5,โรงเรียนขอนแก่นวิทยาลัย,088-5182601,C002,ฟิสิกส์ ม.ปลาย,ฟิสิกส์,ครูเอก,2800,40,40,0,210,2026-06-01,0.0,2800.0,ลงทะเบียนสำเร็จ,210.0,2800.0,โอนธนาคาร,2026-06-01,ชำระเงินแล้ว
STU0211,ศุภัคสร สมบูรณ์,หญิง,16,ม.5,โรงเรียนสาธิตมหาวิทยาลัยขอนแก่น ฝ่ายมัธยมศึกษา (มอดินแดง),083-2715101,C007,ฟิสิกส์ A-Level,ฟิสิกส์,ครูเอก,3500,40,40,0,211,2026-06-30,0.0,3500.0,ลงทะเบียนสำเร็จ,211.0,3500.0,บัตรเครดิต,2026-06-30,ชำระเงินแล้ว
STU0212,ศุภัคสร จันทร์แก้ว,หญิง,16,ม.4,โรงเรียนสาธิตมหาวิทยาลัยขอนแก่น ฝ่ายมัธยมศึกษา (ศึกษาศาสตร์),086-7924062,C003,เคมี ม.ปลาย,เคมี,ครูศิริ,2700,40,40,0,212,2026-07-24,0.0,2700.0,ลงทะเบียนสำเร็จ,212.0,2700.0,เงินสด,2026-07-24,ชำระเงินแล้ว
STU0213,ณิชกานต์ พรมมา,หญิง,16,ม.4,โรงเรียนเตรียมอุดมศึกษาพัฒนาการ ขอนแก่น,094-5243690,C010,ภาษาอังกฤษ A-Level,ภาษาอังกฤษ,ครูณัฐ,3200,40,40,0,213,2026-06-03,0.0,3200.0,ลงทะเบียนสำเร็จ,213.0,3200.0,โอนธนาคาร,2026-06-03,ชำระเงินแล้ว
STU0214,กมลชนก บุญธรรม,หญิง,17,ม.5,โรงเรียนกัลยาณวัตร,085-8056384,C010,ภาษาอังกฤษ A-Level,ภาษาอังกฤษ,ครูณัฐ,3200,40,40,0,214,2026-07-10,0.0,3200.0,ลงทะเบียนสำเร็จ,214.0,3200.0,บัตรเครดิต,2026-07-10,ชำระเงินแล้ว
STU0215,ธนกร สมบูรณ์,ชาย,18,ม.6,โรงเรียนกัลยาณวัตร,094-5898217,C010,ภาษาอังกฤษ A-Level,ภาษาอังกฤษ,ครูณัฐ,3200,40,40,0,215,2026-07-16,0.0,3200.0,ลงทะเบียนสำเร็จ,215.0,3200.0,เงินสด,2026-07-16,ชำระเงินแล้ว
STU0216,กิตติ พงษ์ศรี,ชาย,17,ม.6,โรงเรียนขอนแก่นพัฒนศึกษา,085-5496660,C002,ฟิสิกส์ ม.ปลาย,ฟิสิกส์,ครูเอก,2800,40,40,0,216,2026-06-10,0.05,2660.0,ลงทะเบียนสำเร็จ,216.0,2660.0,พร้อมเพย์,2026-06-10,ชำระเงินแล้ว
STU0217,ณิชาภัทร พรมมา,หญิง,17,ม.5,โรงเรียนนครขอนแก่น,085-1817068,C006,คณิตศาสตร์ A-Level,คณิตศาสตร์,ครูพิมพ์,3500,40,40,0,217,2026-06-07,0.1,3150.0,ลงทะเบียนสำเร็จ,217.0,3150.0,พร้อมเพย์,2026-06-07,ชำระเงินแล้ว
STU0218,ณัฐพงศ์ ไพศาล,ชาย,17,ม.6,โรงเรียนแก่นนครวิทยาลัย,093-3015707,C009,ชีววิทยา A-Level,ชีววิทยา,ครูแพรว,3300,40,38,2,218,2026-07-30,0.0,3300.0,ลงทะเบียนสำเร็จ,218.0,3300.0,พร้อมเพย์,2026-07-30,ชำระเงินแล้ว
STU0219,รินรดา จันทร์แก้ว,หญิง,16,ม.5,โรงเรียนขอนแก่นวิทยายน,093-2130444,C010,ภาษาอังกฤษ A-Level,ภาษาอังกฤษ,ครูณัฐ,3200,40,40,0,219,2026-06-10,0.05,3040.0,ลงทะเบียนสำเร็จ,219.0,3040.0,บัตรเครดิต,2026-06-10,ชำระเงินแล้ว
STU0220,ศศิธร พรมมา,หญิง,17,ม.5,โรงเรียนขอนแก่นพัฒนศึกษา,095-3382354,C008,เคมี A-Level,เคมี,ครูศิริ,3400,40,40,0,220,2026-06-02,0.05,3230.0,ลงทะเบียนสำเร็จ,220.0,3230.0,บัตรเครดิต,2026-06-02,ชำระเงินแล้ว
STU0221,รินรดา พูนทรัพย์,หญิง,17,ม.6,โรงเรียนขอนแก่นวิทยายน,096-3937412,C010,ภาษาอังกฤษ A-Level,ภาษาอังกฤษ,ครูณัฐ,3200,40,40,0,221,2026-08-17,0.1,2880.0,ลงทะเบียนสำเร็จ,221.0,2880.0,เงินสด,2026-08-17,ชำระเงินแล้ว
STU0222,ศุภชัย ศรีวิชัย,ชาย,18,ม.6,โรงเรียนสาธิตมหาวิทยาลัยขอนแก่น ฝ่ายมัธยมศึกษา (มอดินแดง),085-6430032,C003,เคมี ม.ปลาย,เคมี,ครูศิริ,2700,40,40,0,222,2026-07-17,0.1,2430.0,ลงทะเบียนสำเร็จ,222.0,2430.0,พร้อมเพย์,2026-07-17,ชำระเงินแล้ว
STU0223,ศุภณัฐ คำภา,ชาย,16,ม.5,โรงเรียนแก่นนครวิทยาลัย,092-4817891,C006,คณิตศาสตร์ A-Level,คณิตศาสตร์,ครูพิมพ์,3500,40,40,0,223,2026-06-01,0.0,3500.0,ลงทะเบียนสำเร็จ,223.0,3500.0,เงินสด,2026-06-01,ชำระเงินแล้ว
STU0224,สิรภพ วรรณศรี,ชาย,16,ม.5,โรงเรียนเตรียมอุดมศึกษาพัฒนาการ ขอนแก่น,082-3543672,C006,คณิตศาสตร์ A-Level,คณิตศาสตร์,ครูพิมพ์,3500,40,40,0,224,2026-08-02,0.1,3150.0,ลงทะเบียนสำเร็จ,224.0,3150.0,โอนธนาคาร,2026-08-02,ชำระเงินแล้ว
STU0225,ก้องภพ ศรีสวัสดิ์,ชาย,16,ม.4,โรงเรียนสาธิตมหาวิทยาลัยขอนแก่น ฝ่ายมัธยมศึกษา (ศึกษาศาสตร์),086-6642133,C008,เคมี A-Level,เคมี,ครูศิริ,3400,40,40,0,225,2026-06-26,0.1,3060.0,ลงทะเบียนสำเร็จ,225.0,3060.0,บัตรเครดิต,2026-06-26,ชำระเงินแล้ว
STU0226,สุพิชญา จันทร์แก้ว,หญิง,15,ม.4,โรงเรียนสาธิตมหาวิทยาลัยขอนแก่น ฝ่ายมัธยมศึกษา (ศึกษาศาสตร์),095-6895533,C001,คณิตศาสตร์ ม.ปลาย,คณิตศาสตร์,ครูพิมพ์,2800,40,40,0,226,2026-06-27,0.1,2520.0,ลงทะเบียนสำเร็จ,226.0,2520.0,เงินสด,2026-06-27,ชำระเงินแล้ว
STU0227,พัชราภา บุญเรือง,หญิง,17,ม.6,โรงเรียนแก่นนครวิทยาลัย,087-5878877,C008,เคมี A-Level,เคมี,ครูศิริ,3400,40,40,0,227,2026-07-21,0.1,3060.0,ลงทะเบียนสำเร็จ,227.0,3060.0,พร้อมเพย์,2026-07-21,ชำระเงินแล้ว
STU0228,พศิน วงศ์ดี,ชาย,16,ม.5,โรงเรียนขอนแก่นวิทยายน,099-2992733,C001,คณิตศาสตร์ ม.ปลาย,คณิตศาสตร์,ครูพิมพ์,2800,40,40,0,228,2026-07-12,0.1,2520.0,ลงทะเบียนสำเร็จ,228.0,2520.0,บัตรเครดิต,2026-07-12,ชำระเงินแล้ว
STU0229,ธนภัทร อินทร์แก้ว,ชาย,17,ม.5,โรงเรียนสาธิตมหาวิทยาลัยขอนแก่น ฝ่ายมัธยมศึกษา (มอดินแดง),098-8815503,C006,คณิตศาสตร์ A-Level,คณิตศาสตร์,ครูพิมพ์,3500,40,40,0,229,2026-08-12,0.0,3500.0,ลงทะเบียนสำเร็จ,229.0,3500.0,พร้อมเพย์,2026-08-12,ชำระเงินแล้ว
STU0230,สิรภพ ศรีสุข,ชาย,15,ม.4,โรงเรียนเตรียมอุดมศึกษาพัฒนาการ ขอนแก่น,089-5111305,C007,ฟิสิกส์ A-Level,ฟิสิกส์,ครูเอก,3500,40,40,0,230,2026-07-06,0.05,3325.0,ลงทะเบียนสำเร็จ,230.0,3325.0,โอนธนาคาร,2026-07-06,ชำระเงินแล้ว
STU0231,รินรดา วิไลวรรณ,หญิง,17,ม.5,โรงเรียนขอนแก่นวิทยาลัย,094-7854114,C002,ฟิสิกส์ ม.ปลาย,ฟิสิกส์,ครูเอก,2800,40,40,0,231,2026-06-13,0.1,2520.0,ลงทะเบียนสำเร็จ,231.0,2520.0,เงินสด,2026-06-13,ชำระเงินแล้ว
STU0232,พิมพ์ชนก พงษ์ไพบูลย์,หญิง,17,ม.6,โรงเรียนกัลยาณวัตร,092-7516271,C010,ภาษาอังกฤษ A-Level,ภาษาอังกฤษ,ครูณัฐ,3200,40,40,0,232,2026-07-21,0.05,3040.0,ลงทะเบียนสำเร็จ,232.0,3040.0,โอนธนาคาร,2026-07-21,ชำระเงินแล้ว
STU0233,วริศรา รัตนกุล,หญิง,18,ม.6,โรงเรียนขามแก่นนคร,091-5684455,C002,ฟิสิกส์ ม.ปลาย,ฟิสิกส์,ครูเอก,2800,40,40,0,233,2026-08-16,0.0,2800.0,ลงทะเบียนสำเร็จ,233.0,2800.0,เงินสด,2026-08-16,ชำระเงินแล้ว
STU0234,ภูวดล วิไลวรรณ,ชาย,18,ม.6,โรงเรียนแก่นนครวิทยาลัย,092-4583811,C009,ชีววิทยา A-Level,ชีววิทยา,ครูแพรว,3300,40,38,2,234,2026-07-16,0.05,3135.0,ลงทะเบียนสำเร็จ,234.0,3135.0,เงินสด,2026-07-16,ชำระเงินแล้ว
STU0235,ธีรภัทร สมบูรณ์,ชาย,15,ม.4,โรงเรียนเตรียมอุดมศึกษาพัฒนาการ ขอนแก่น,091-4455852,C001,คณิตศาสตร์ ม.ปลาย,คณิตศาสตร์,ครูพิมพ์,2800,40,40,0,235,2026-08-19,0.05,2660.0,ลงทะเบียนสำเร็จ,235.0,2660.0,พร้อมเพย์,2026-08-19,ชำระเงินแล้ว
STU0236,ศุภกร พงษ์ไพบูลย์,ชาย,16,ม.5,โรงเรียนขามแก่นนคร,093-4059215,C004,ชีววิทยา ม.ปลาย,ชีววิทยา,ครูแพรว,2700,40,40,0,236,2026-08-07,0.1,2430.0,ลงทะเบียนสำเร็จ,236.0,2430.0,บัตรเครดิต,2026-08-07,ชำระเงินแล้ว
STU0237,ณัฐณิชา แก้วใส,หญิง,15,ม.4,โรงเรียนสาธิตมหาวิทยาลัยขอนแก่น ฝ่ายมัธยมศึกษา (ศึกษาศาสตร์),094-2589440,C005,ภาษาอังกฤษ ม.ปลาย,ภาษาอังกฤษ,ครูณัฐ,2500,40,35,5,237,2026-07-12,0.0,2500.0,ลงทะเบียนสำเร็จ,237.0,2500.0,บัตรเครดิต,2026-07-12,ชำระเงินแล้ว
STU0238,ณิชาภา ศรีเจริญ,หญิง,17,ม.6,โรงเรียนขามแก่นนคร,083-2817952,C001,คณิตศาสตร์ ม.ปลาย,คณิตศาสตร์,ครูพิมพ์,2800,40,40,0,238,2026-07-09,0.1,2520.0,ลงทะเบียนสำเร็จ,238.0,2520.0,บัตรเครดิต,2026-07-09,ชำระเงินแล้ว
STU0239,ศศิธร ศรีนวล,หญิง,17,ม.5,โรงเรียนนครขอนแก่น,086-5586346,C007,ฟิสิกส์ A-Level,ฟิสิกส์,ครูเอก,3500,40,40,0,239,2026-07-08,0.1,3150.0,ลงทะเบียนสำเร็จ,239.0,3150.0,บัตรเครดิต,2026-07-08,ชำระเงินแล้ว
STU0240,วชิรวิทย์ บุญญฤทธิ์,ชาย,18,ม.6,โรงเรียนขามแก่นนคร,098-1169095,C006,คณิตศาสตร์ A-Level,คณิตศาสตร์,ครูพิมพ์,3500,40,40,0,240,2026-08-07,0.05,3325.0,ลงทะเบียนสำเร็จ,240.0,3325.0,พร้อมเพย์,2026-08-07,ชำระเงินแล้ว
STU0241,ชนนท์ พัฒนกุล,ชาย,18,ม.6,โรงเรียนกัลยาณวัตร,093-8372990,C010,ภาษาอังกฤษ A-Level,ภาษาอังกฤษ,ครูณัฐ,3200,40,40,0,241,2026-08-08,0.05,3040.0,ลงทะเบียนสำเร็จ,241.0,3040.0,พร้อมเพย์,2026-08-08,ชำระเงินแล้ว
STU0242,วรัญญา วัฒนชัย,หญิง,17,ม.6,โรงเรียนนครขอนแก่น,096-8035849,C006,คณิตศาสตร์ A-Level,คณิตศาสตร์,ครูพิมพ์,3500,40,40,0,242,2026-07-23,0.0,3500.0,ลงทะเบียนสำเร็จ,242.0,3500.0,เงินสด,2026-07-23,ชำระเงินแล้ว
STU0243,กัญญาณัฐ ศรีอุดม,หญิง,17,ม.6,โรงเรียนขอนแก่นพัฒนศึกษา,082-9644157,C006,คณิตศาสตร์ A-Level,คณิตศาสตร์,ครูพิมพ์,3500,40,40,0,243,2026-08-16,0.05,3325.0,ลงทะเบียนสำเร็จ,243.0,3325.0,เงินสด,2026-08-16,ชำระเงินแล้ว
STU0244,ณัฐดนัย พูนทรัพย์,ชาย,18,ม.6,โรงเรียนขอนแก่นพัฒนศึกษา,082-1916055,C003,เคมี ม.ปลาย,เคมี,ครูศิริ,2700,40,40,0,244,2026-07-19,0.05,2565.0,ลงทะเบียนสำเร็จ,244.0,2565.0,พร้อมเพย์,2026-07-19,ชำระเงินแล้ว
STU0245,อริสา บุญเรือง,หญิง,16,ม.4,โรงเรียนขอนแก่นพัฒนศึกษา,092-4159059,C001,คณิตศาสตร์ ม.ปลาย,คณิตศาสตร์,ครูพิมพ์,2800,40,40,0,245,2026-06-17,0.05,2660.0,ลงทะเบียนสำเร็จ,245.0,2660.0,โอนธนาคาร,2026-06-17,ชำระเงินแล้ว
STU0246,ศิริพร สมบูรณ์,หญิง,18,ม.6,โรงเรียนขอนแก่นวิทยาลัย,084-4927887,C004,ชีววิทยา ม.ปลาย,ชีววิทยา,ครูแพรว,2700,40,40,0,246,2026-06-13,0.1,2430.0,ลงทะเบียนสำเร็จ,246.0,2430.0,โอนธนาคาร,2026-06-13,ชำระเงินแล้ว
STU0247,ภาคิน ทองดี,ชาย,17,ม.6,โรงเรียนเตรียมอุดมศึกษาพัฒนาการ ขอนแก่น,089-5387020,C009,ชีววิทยา A-Level,ชีววิทยา,ครูแพรว,3300,40,38,2,247,2026-06-21,0.1,2970.0,ลงทะเบียนสำเร็จ,247.0,2970.0,พร้อมเพย์,2026-06-21,ชำระเงินแล้ว
STU0248,อธิพัฒน์ ศรีทอง,ชาย,15,ม.4,โรงเรียนแก่นนครวิทยาลัย,098-6851432,C010,ภาษาอังกฤษ A-Level,ภาษาอังกฤษ,ครูณัฐ,3200,40,40,0,248,2026-08-19,0.0,3200.0,ลงทะเบียนสำเร็จ,248.0,3200.0,บัตรเครดิต,2026-08-19,ชำระเงินแล้ว
STU0249,ภัทรวดี วงศ์สุวรรณ,หญิง,15,ม.4,โรงเรียนขอนแก่นวิทยาลัย,089-5001894,C008,เคมี A-Level,เคมี,ครูศิริ,3400,40,40,0,249,2026-07-30,0.1,3060.0,ลงทะเบียนสำเร็จ,249.0,3060.0,เงินสด,2026-07-30,ชำระเงินแล้ว
STU0250,ศุภชัย ทองคำ,ชาย,16,ม.4,โรงเรียนสาธิตมหาวิทยาลัยขอนแก่น ฝ่ายมัธยมศึกษา (มอดินแดง),097-1938572,C003,เคมี ม.ปลาย,เคมี,ครูศิริ,2700,40,40,0,250,2026-07-11,0.05,2565.0,ลงทะเบียนสำเร็จ,250.0,2565.0,บัตรเครดิต,2026-07-11,ชำระเงินแล้ว
STU0251,พศิน วิไลวรรณ,ชาย,16,ม.4,โรงเรียนขามแก่นนคร,082-6801352,C009,ชีววิทยา A-Level,ชีววิทยา,ครูแพรว,3300,40,38,2,251,2026-06-08,0.05,3135.0,ลงทะเบียนสำเร็จ,251.0,3135.0,เงินสด,2026-06-08,ชำระเงินแล้ว
STU0252,ธนวัฒน์ บุญญฤทธิ์,ชาย,16,ม.5,โรงเรียนขอนแก่นพัฒนศึกษา,094-1522717,C008,เคมี A-Level,เคมี,ครูศิริ,3400,40,40,0,252,2026-06-09,0.05,3230.0,ลงทะเบียนสำเร็จ,252.0,3230.0,พร้อมเพย์,2026-06-09,ชำระเงินแล้ว
STU0253,ปภาวดี ธรรมวงศ์,หญิง,16,ม.5,โรงเรียนเตรียมอุดมศึกษาพัฒนาการ ขอนแก่น,092-4306187,C001,คณิตศาสตร์ ม.ปลาย,คณิตศาสตร์,ครูพิมพ์,2800,40,40,0,253,2026-06-13,0.05,2660.0,ลงทะเบียนสำเร็จ,253.0,2660.0,บัตรเครดิต,2026-06-13,ชำระเงินแล้ว
STU0254,อริสา แสงจันทร์,หญิง,16,ม.5,โรงเรียนแก่นนครวิทยาลัย,087-4516226,C004,ชีววิทยา ม.ปลาย,ชีววิทยา,ครูแพรว,2700,40,40,0,254,2026-07-09,0.0,2700.0,ลงทะเบียนสำเร็จ,254.0,2700.0,บัตรเครดิต,2026-07-09,ชำระเงินแล้ว
STU0255,สิทธิโชค ชนะชัย,ชาย,15,ม.4,โรงเรียนสาธิตมหาวิทยาลัยขอนแก่น ฝ่ายมัธยมศึกษา (ศึกษาศาสตร์),085-5667992,C008,เคมี A-Level,เคมี,ครูศิริ,3400,40,40,0,255,2026-07-25,0.1,3060.0,ลงทะเบียนสำเร็จ,255.0,3060.0,บัตรเครดิต,2026-07-25,ชำระเงินแล้ว
STU0256,ธนาธิป วงศ์ษา,ชาย,17,ม.5,โรงเรียนแก่นนครวิทยาลัย,087-1134898,C006,คณิตศาสตร์ A-Level,คณิตศาสตร์,ครูพิมพ์,3500,40,40,0,256,2026-08-11,0.1,3150.0,ลงทะเบียนสำเร็จ,256.0,3150.0,พร้อมเพย์,2026-08-11,ชำระเงินแล้ว
STU0257,ธีรภัทร สวัสดิ์ชัย,ชาย,17,ม.6,โรงเรียนแก่นนครวิทยาลัย,095-4358647,C004,ชีววิทยา ม.ปลาย,ชีววิทยา,ครูแพรว,2700,40,40,0,257,2026-07-03,0.1,2430.0,ลงทะเบียนสำเร็จ,257.0,2430.0,พร้อมเพย์,2026-07-03,ชำระเงินแล้ว
STU0258,ภัทรพล เจริญวงศ์,ชาย,16,ม.4,โรงเรียนขอนแก่นพัฒนศึกษา,095-5684906,C006,คณิตศาสตร์ A-Level,คณิตศาสตร์,ครูพิมพ์,3500,40,40,0,258,2026-08-16,0.0,3500.0,ลงทะเบียนสำเร็จ,258.0,3500.0,พร้อมเพย์,2026-08-16,ชำระเงินแล้ว
STU0259,ธัญชนก แก้วคำ,หญิง,15,ม.4,โรงเรียนเตรียมอุดมศึกษาพัฒนาการ ขอนแก่น,095-4943651,C010,ภาษาอังกฤษ A-Level,ภาษาอังกฤษ,ครูณัฐ,3200,40,40,0,259,2026-08-01,0.0,3200.0,ลงทะเบียนสำเร็จ,259.0,3200.0,เงินสด,2026-08-01,ชำระเงินแล้ว
STU0260,ธนพร ศรีวงศ์,หญิง,17,ม.6,โรงเรียนแก่นนครวิทยาลัย,083-8632439,C002,ฟิสิกส์ ม.ปลาย,ฟิสิกส์,ครูเอก,2800,40,40,0,260,2026-06-17,0.1,2520.0,ลงทะเบียนสำเร็จ,260.0,2520.0,โอนธนาคาร,2026-06-17,ชำระเงินแล้ว
STU0261,กวิน ศรีสมบัติ,ชาย,17,ม.5,โรงเรียนขอนแก่นพัฒนศึกษา,088-8523061,C004,ชีววิทยา ม.ปลาย,ชีววิทยา,ครูแพรว,2700,40,40,0,261,2026-08-07,0.1,2430.0,ลงทะเบียนสำเร็จ,261.0,2430.0,บัตรเครดิต,2026-08-07,ชำระเงินแล้ว
STU0262,ณรงค์ฤทธิ์ พูนทรัพย์,ชาย,17,ม.5,โรงเรียนขอนแก่นพัฒนศึกษา,096-5490358,C010,ภาษาอังกฤษ A-Level,ภาษาอังกฤษ,ครูณัฐ,3200,40,40,0,262,2026-06-17,0.0,3200.0,ลงทะเบียนสำเร็จ,262.0,3200.0,บัตรเครดิต,2026-06-17,ชำระเงินแล้ว
STU0263,สุชาดา ศรีบุญเรือง,หญิง,17,ม.6,โรงเรียนสาธิตมหาวิทยาลัยขอนแก่น ฝ่ายมัธยมศึกษา (ศึกษาศาสตร์),095-7288649,C001,คณิตศาสตร์ ม.ปลาย,คณิตศาสตร์,ครูพิมพ์,2800,40,40,0,263,2026-08-03,0.1,2520.0,ลงทะเบียนสำเร็จ,263.0,2520.0,บัตรเครดิต,2026-08-03,ชำระเงินแล้ว
STU0264,กิตติพงษ์ บุญเลิศ,ชาย,18,ม.6,โรงเรียนแก่นนครวิทยาลัย,092-2712429,C008,เคมี A-Level,เคมี,ครูศิริ,3400,40,40,0,264,2026-06-04,0.05,3230.0,ลงทะเบียนสำเร็จ,264.0,3230.0,พร้อมเพย์,2026-06-04,ชำระเงินแล้ว
STU0265,กรวิชญ์ ธรรมวงศ์,ชาย,17,ม.6,โรงเรียนสาธิตมหาวิทยาลัยขอนแก่น ฝ่ายมัธยมศึกษา (มอดินแดง),093-1271020,C008,เคมี A-Level,เคมี,ครูศิริ,3400,40,40,0,265,2026-07-05,0.1,3060.0,ลงทะเบียนสำเร็จ,265.0,3060.0,เงินสด,2026-07-05,ชำระเงินแล้ว
STU0266,ณิชาภา ชัยมงคล,หญิง,16,ม.4,โรงเรียนขอนแก่นวิทยาลัย,083-7069044,C001,คณิตศาสตร์ ม.ปลาย,คณิตศาสตร์,ครูพิมพ์,2800,40,40,0,266,2026-08-07,0.1,2520.0,ลงทะเบียนสำเร็จ,266.0,2520.0,พร้อมเพย์,2026-08-07,ชำระเงินแล้ว
STU0267,พีรพงศ์ พัฒนกุล,ชาย,17,ม.5,โรงเรียนกัลยาณวัตร,081-7629345,C001,คณิตศาสตร์ ม.ปลาย,คณิตศาสตร์,ครูพิมพ์,2800,40,40,0,267,2026-06-15,0.05,2660.0,ลงทะเบียนสำเร็จ,267.0,2660.0,โอนธนาคาร,2026-06-15,ชำระเงินแล้ว
STU0268,ศิริพร สุวรรณ,หญิง,15,ม.4,โรงเรียนขอนแก่นวิทยาลัย,094-4658575,C006,คณิตศาสตร์ A-Level,คณิตศาสตร์,ครูพิมพ์,3500,40,40,0,268,2026-06-23,0.1,3150.0,ลงทะเบียนสำเร็จ,268.0,3150.0,เงินสด,2026-06-23,ชำระเงินแล้ว
STU0269,ศุภกร ธรรมวงศ์,ชาย,17,ม.5,โรงเรียนนครขอนแก่น,084-2401511,C007,ฟิสิกส์ A-Level,ฟิสิกส์,ครูเอก,3500,40,40,0,269,2026-08-14,0.05,3325.0,ลงทะเบียนสำเร็จ,269.0,3325.0,บัตรเครดิต,2026-08-14,ชำระเงินแล้ว
STU0270,ก้องภพ พงษ์ศรี,ชาย,16,ม.4,โรงเรียนสาธิตมหาวิทยาลัยขอนแก่น ฝ่ายมัธยมศึกษา (มอดินแดง),095-8862888,C003,เคมี ม.ปลาย,เคมี,ครูศิริ,2700,40,40,0,270,2026-08-05,0.05,2565.0,ลงทะเบียนสำเร็จ,270.0,2565.0,เงินสด,2026-08-05,ชำระเงินแล้ว
STU0271,สิรภพ วงศ์ดี,ชาย,16,ม.4,โรงเรียนสาธิตมหาวิทยาลัยขอนแก่น ฝ่ายมัธยมศึกษา (มอดินแดง),093-7928050,C009,ชีววิทยา A-Level,ชีววิทยา,ครูแพรว,3300,40,38,2,271,2026-07-07,0.05,3135.0,ลงทะเบียนสำเร็จ,271.0,3135.0,เงินสด,2026-07-07,ชำระเงินแล้ว
STU0272,ธีรเดช ศรีวงศ์,ชาย,16,ม.4,โรงเรียนสาธิตมหาวิทยาลัยขอนแก่น ฝ่ายมัธยมศึกษา (มอดินแดง),088-3176316,C005,ภาษาอังกฤษ ม.ปลาย,ภาษาอังกฤษ,ครูณัฐ,2500,40,35,5,272,2026-06-11,0.05,2375.0,ลงทะเบียนสำเร็จ,272.0,2375.0,เงินสด,2026-06-11,ชำระเงินแล้ว
STU0273,ภาณุวัฒน์ วงศ์ษา,ชาย,18,ม.6,โรงเรียนกัลยาณวัตร,088-7944469,C007,ฟิสิกส์ A-Level,ฟิสิกส์,ครูเอก,3500,40,40,0,273,2026-06-27,0.05,3325.0,ลงทะเบียนสำเร็จ,273.0,3325.0,พร้อมเพย์,2026-06-27,ชำระเงินแล้ว
STU0274,ชุติกาญจน์ รัตนกุล,หญิง,15,ม.4,โรงเรียนขอนแก่นวิทยายน,099-2753317,C004,ชีววิทยา ม.ปลาย,ชีววิทยา,ครูแพรว,2700,40,40,0,274,2026-06-13,0.0,2700.0,ลงทะเบียนสำเร็จ,274.0,2700.0,เงินสด,2026-06-13,ชำระเงินแล้ว
STU0275,ศุภัคสร ชัยมงคล,หญิง,15,ม.4,โรงเรียนขอนแก่นวิทยายน,098-3913148,C002,ฟิสิกส์ ม.ปลาย,ฟิสิกส์,ครูเอก,2800,40,40,0,275,2026-08-02,0.1,2520.0,ลงทะเบียนสำเร็จ,275.0,2520.0,โอนธนาคาร,2026-08-02,ชำระเงินแล้ว
STU0276,สุพิชญา ศรีสุข,หญิง,17,ม.6,โรงเรียนกัลยาณวัตร,085-2837585,C001,คณิตศาสตร์ ม.ปลาย,คณิตศาสตร์,ครูพิมพ์,2800,40,40,0,276,2026-06-21,0.05,2660.0,ลงทะเบียนสำเร็จ,276.0,2660.0,โอนธนาคาร,2026-06-21,ชำระเงินแล้ว
STU0277,พิชญ์สินี วงศ์ดี,หญิง,16,ม.4,โรงเรียนนครขอนแก่น,084-9278511,C001,คณิตศาสตร์ ม.ปลาย,คณิตศาสตร์,ครูพิมพ์,2800,40,40,0,277,2026-08-18,0.1,2520.0,ลงทะเบียนสำเร็จ,277.0,2520.0,บัตรเครดิต,2026-08-18,ชำระเงินแล้ว
STU0278,กัญญาณัฐ บุญเลิศ,หญิง,17,ม.6,โรงเรียนแก่นนครวิทยาลัย,083-4601404,C006,คณิตศาสตร์ A-Level,คณิตศาสตร์,ครูพิมพ์,3500,40,40,0,278,2026-07-20,0.1,3150.0,ลงทะเบียนสำเร็จ,278.0,3150.0,บัตรเครดิต,2026-07-20,ชำระเงินแล้ว
STU0279,วรรณวิสา บุญเลิศ,หญิง,17,ม.6,โรงเรียนขามแก่นนคร,097-4417007,C005,ภาษาอังกฤษ ม.ปลาย,ภาษาอังกฤษ,ครูณัฐ,2500,40,35,5,279,2026-06-30,0.05,2375.0,ลงทะเบียนสำเร็จ,279.0,2375.0,เงินสด,2026-06-30,ชำระเงินแล้ว
STU0280,ชยุต ชูศรี,ชาย,17,ม.6,โรงเรียนแก่นนครวิทยาลัย,089-4691803,C002,ฟิสิกส์ ม.ปลาย,ฟิสิกส์,ครูเอก,2800,40,40,0,280,2026-06-03,0.0,2800.0,ลงทะเบียนสำเร็จ,280.0,2800.0,บัตรเครดิต,2026-06-03,ชำระเงินแล้ว
STU0281,กานต์พิชชา ไชยวงศ์,หญิง,16,ม.4,โรงเรียนขามแก่นนคร,095-6601385,C003,เคมี ม.ปลาย,เคมี,ครูศิริ,2700,40,40,0,281,2026-06-21,0.0,2700.0,ลงทะเบียนสำเร็จ,281.0,2700.0,โอนธนาคาร,2026-06-21,ชำระเงินแล้ว
STU0282,สิริกัญญา เจริญทรัพย์,หญิง,15,ม.4,โรงเรียนสาธิตมหาวิทยาลัยขอนแก่น ฝ่ายมัธยมศึกษา (ศึกษาศาสตร์),086-9856236,C008,เคมี A-Level,เคมี,ครูศิริ,3400,40,40,0,282,2026-07-24,0.1,3060.0,ลงทะเบียนสำเร็จ,282.0,3060.0,เงินสด,2026-07-24,ชำระเงินแล้ว
STU0283,ณัฐณิชา พรหมรักษา,หญิง,18,ม.6,โรงเรียนสาธิตมหาวิทยาลัยขอนแก่น ฝ่ายมัธยมศึกษา (มอดินแดง),093-1543624,C007,ฟิสิกส์ A-Level,ฟิสิกส์,ครูเอก,3500,40,40,0,283,2026-08-10,0.05,3325.0,ลงทะเบียนสำเร็จ,283.0,3325.0,โอนธนาคาร,2026-08-10,ชำระเงินแล้ว
STU0284,ศศิธร สุวรรณดี,หญิง,17,ม.5,โรงเรียนเตรียมอุดมศึกษาพัฒนาการ ขอนแก่น,097-1150310,C006,คณิตศาสตร์ A-Level,คณิตศาสตร์,ครูพิมพ์,3500,40,40,0,284,2026-06-25,0.05,3325.0,ลงทะเบียนสำเร็จ,284.0,3325.0,เงินสด,2026-06-25,ชำระเงินแล้ว
STU0285,พิมพ์ชนก วงศ์ษา,หญิง,16,ม.5,โรงเรียนกัลยาณวัตร,093-7189017,C009,ชีววิทยา A-Level,ชีววิทยา,ครูแพรว,3300,40,38,2,285,2026-06-14,0.05,3135.0,ลงทะเบียนสำเร็จ,285.0,3135.0,โอนธนาคาร,2026-06-14,ชำระเงินแล้ว
STU0286,พิมพ์ลภัส บุญญฤทธิ์,หญิง,15,ม.4,โรงเรียนขอนแก่นวิทยาลัย,084-9660244,C008,เคมี A-Level,เคมี,ครูศิริ,3400,40,40,0,286,2026-07-16,0.0,3400.0,ลงทะเบียนสำเร็จ,286.0,3400.0,เงินสด,2026-07-16,ชำระเงินแล้ว
STU0287,พัชราภา บุญเรือง,หญิง,15,ม.4,โรงเรียนขอนแก่นพัฒนศึกษา,089-8139023,C010,ภาษาอังกฤษ A-Level,ภาษาอังกฤษ,ครูณัฐ,3200,40,40,0,287,2026-08-05,0.1,2880.0,ลงทะเบียนสำเร็จ,287.0,2880.0,โอนธนาคาร,2026-08-05,ชำระเงินแล้ว
STU0288,ธนพร วิไลวรรณ,หญิง,16,ม.5,โรงเรียนสาธิตมหาวิทยาลัยขอนแก่น ฝ่ายมัธยมศึกษา (มอดินแดง),094-4779953,C001,คณิตศาสตร์ ม.ปลาย,คณิตศาสตร์,ครูพิมพ์,2800,40,40,0,288,2026-06-17,0.0,2800.0,ลงทะเบียนสำเร็จ,288.0,2800.0,โอนธนาคาร,2026-06-17,ชำระเงินแล้ว
STU0289,พิมพ์ลภัส ชัยมงคล,หญิง,16,ม.5,โรงเรียนขอนแก่นวิทยายน,091-5737576,C004,ชีววิทยา ม.ปลาย,ชีววิทยา,ครูแพรว,2700,40,40,0,289,2026-06-26,0.05,2565.0,ลงทะเบียนสำเร็จ,289.0,2565.0,พร้อมเพย์,2026-06-26,ชำระเงินแล้ว
STU0290,ชยุต ศรีสวัสดิ์,ชาย,16,ม.5,โรงเรียนเตรียมอุดมศึกษาพัฒนาการ ขอนแก่น,085-6705070,C004,ชีววิทยา ม.ปลาย,ชีววิทยา,ครูแพรว,2700,40,40,0,290,2026-06-20,0.05,2565.0,ลงทะเบียนสำเร็จ,290.0,2565.0,บัตรเครดิต,2026-06-20,ชำระเงินแล้ว
STU0291,ณัฐภัทร ศรีอุดม,ชาย,17,ม.6,โรงเรียนสาธิตมหาวิทยาลัยขอนแก่น ฝ่ายมัธยมศึกษา (ศึกษาศาสตร์),097-8018664,C009,ชีววิทยา A-Level,ชีววิทยา,ครูแพรว,3300,40,38,2,291,2026-06-14,0.05,3135.0,ลงทะเบียนสำเร็จ,291.0,3135.0,พร้อมเพย์,2026-06-14,ชำระเงินแล้ว
STU0292,กมลชนก ศรีสวัสดิ์,หญิง,17,ม.6,โรงเรียนขอนแก่นวิทยาลัย,085-7339057,C004,ชีววิทยา ม.ปลาย,ชีววิทยา,ครูแพรว,2700,40,40,0,292,2026-08-03,0.1,2430.0,ลงทะเบียนสำเร็จ,292.0,2430.0,พร้อมเพย์,2026-08-03,ชำระเงินแล้ว
STU0293,วรัญญา สุขสันต์,หญิง,18,ม.6,โรงเรียนขามแก่นนคร,083-2943817,C001,คณิตศาสตร์ ม.ปลาย,คณิตศาสตร์,ครูพิมพ์,2800,40,40,0,293,2026-06-28,0.05,2660.0,ลงทะเบียนสำเร็จ,293.0,2660.0,เงินสด,2026-06-28,ชำระเงินแล้ว
STU0294,พัชรินทร์ ศรีวงศ์,หญิง,17,ม.6,โรงเรียนนครขอนแก่น,091-2910540,C002,ฟิสิกส์ ม.ปลาย,ฟิสิกส์,ครูเอก,2800,40,40,0,294,2026-07-08,0.0,2800.0,ลงทะเบียนสำเร็จ,294.0,2800.0,เงินสด,2026-07-08,ชำระเงินแล้ว
STU0295,วชิรวิทย์ มณีรัตน์,ชาย,16,ม.4,โรงเรียนขอนแก่นวิทยายน,084-3601709,C001,คณิตศาสตร์ ม.ปลาย,คณิตศาสตร์,ครูพิมพ์,2800,40,40,0,295,2026-07-16,0.0,2800.0,ลงทะเบียนสำเร็จ,295.0,2800.0,พร้อมเพย์,2026-07-16,ชำระเงินแล้ว
STU0296,กัญญาวีร์ ศรีวิชัย,หญิง,17,ม.5,โรงเรียนนครขอนแก่น,087-9295160,C002,ฟิสิกส์ ม.ปลาย,ฟิสิกส์,ครูเอก,2800,40,40,0,296,2026-06-06,0.05,2660.0,ลงทะเบียนสำเร็จ,296.0,2660.0,บัตรเครดิต,2026-06-06,ชำระเงินแล้ว
STU0297,ศุภัคสร จันทร์แก้ว,หญิง,17,ม.5,โรงเรียนสาธิตมหาวิทยาลัยขอนแก่น ฝ่ายมัธยมศึกษา (มอดินแดง),099-3793552,C004,ชีววิทยา ม.ปลาย,ชีววิทยา,ครูแพรว,2700,40,40,0,297,2026-07-01,0.05,2565.0,ลงทะเบียนสำเร็จ,297.0,2565.0,บัตรเครดิต,2026-07-01,ชำระเงินแล้ว
STU0298,ชญาดา วัฒนกุล,หญิง,15,ม.4,โรงเรียนขามแก่นนคร,094-9723656,C010,ภาษาอังกฤษ A-Level,ภาษาอังกฤษ,ครูณัฐ,3200,40,40,0,298,2026-06-29,0.1,2880.0,ลงทะเบียนสำเร็จ,298.0,2880.0,บัตรเครดิต,2026-06-29,ชำระเงินแล้ว
STU0299,ชญาดา พงษ์ไพบูลย์,หญิง,17,ม.5,โรงเรียนขอนแก่นวิทยาลัย,094-6503295,C002,ฟิสิกส์ ม.ปลาย,ฟิสิกส์,ครูเอก,2800,40,40,0,299,2026-08-08,0.05,2660.0,ลงทะเบียนสำเร็จ,299.0,2660.0,บัตรเครดิต,2026-08-08,ชำระเงินแล้ว
STU0300,ปวริศ วรรณศรี,ชาย,18,ม.6,โรงเรียนขามแก่นนคร,095-1757025,C005,ภาษาอังกฤษ ม.ปลาย,ภาษาอังกฤษ,ครูณัฐ,2500,40,35,5,300,2026-06-17,0.0,2500.0,ลงทะเบียนสำเร็จ,300.0,2500.0,บัตรเครดิต,2026-06-17,ชำระเงินแล้ว
STU0301,กัญญาณัฐ ศรีบุญเรือง,หญิง,16,ม.4,โรงเรียนกัลยาณวัตร,095-2094593,C008,เคมี A-Level,เคมี,ครูศิริ,3400,40,40,0,301,2026-07-04,0.0,3400.0,ลงทะเบียนสำเร็จ,301.0,3400.0,พร้อมเพย์,2026-07-04,ชำระเงินแล้ว
STU0302,กิตติพงษ์ บุญชู,ชาย,17,ม.5,โรงเรียนสาธิตมหาวิทยาลัยขอนแก่น ฝ่ายมัธยมศึกษา (มอดินแดง),088-4124316,C008,เคมี A-Level,เคมี,ครูศิริ,3400,40,40,0,302,2026-07-02,0.0,3400.0,ลงทะเบียนสำเร็จ,302.0,3400.0,โอนธนาคาร,2026-07-02,ชำระเงินแล้ว
STU0303,ธีรเดช ชัยมงคล,ชาย,18,ม.6,โรงเรียนสาธิตมหาวิทยาลัยขอนแก่น ฝ่ายมัธยมศึกษา (ศึกษาศาสตร์),093-3677375,C010,ภาษาอังกฤษ A-Level,ภาษาอังกฤษ,ครูณัฐ,3200,40,40,0,303,2026-07-04,0.05,3040.0,ลงทะเบียนสำเร็จ,303.0,3040.0,โอนธนาคาร,2026-07-04,ชำระเงินแล้ว
STU0304,สุภัสสรา รัตนกุล,หญิง,17,ม.5,โรงเรียนขามแก่นนคร,091-2638792,C001,คณิตศาสตร์ ม.ปลาย,คณิตศาสตร์,ครูพิมพ์,2800,40,40,0,304,2026-08-10,0.1,2520.0,ลงทะเบียนสำเร็จ,304.0,2520.0,บัตรเครดิต,2026-08-10,ชำระเงินแล้ว
STU0305,กวิน มณีรัตน์,ชาย,15,ม.4,โรงเรียนขอนแก่นพัฒนศึกษา,093-3026815,C007,ฟิสิกส์ A-Level,ฟิสิกส์,ครูเอก,3500,40,40,0,305,2026-07-01,0.1,3150.0,ลงทะเบียนสำเร็จ,305.0,3150.0,เงินสด,2026-07-01,ชำระเงินแล้ว
STU0306,สิรภพ ทองสุข,ชาย,15,ม.4,โรงเรียนขามแก่นนคร,084-5880208,C008,เคมี A-Level,เคมี,ครูศิริ,3400,40,40,0,306,2026-08-02,0.0,0.0,คอร์สเต็ม,,,,,
STU0307,ชญาดา สายทอง,หญิง,15,ม.4,โรงเรียนขอนแก่นวิทยายน,099-5254135,C004,ชีววิทยา ม.ปลาย,ชีววิทยา,ครูแพรว,2700,40,40,0,307,2026-06-16,0.0,2700.0,ลงทะเบียนสำเร็จ,306.0,2700.0,โอนธนาคาร,2026-06-16,ชำระเงินแล้ว
STU0308,เขมิกา สมบูรณ์,หญิง,17,ม.5,โรงเรียนแก่นนครวิทยาลัย,097-2270956,C008,เคมี A-Level,เคมี,ครูศิริ,3400,40,40,0,308,2026-06-29,0.05,0.0,คอร์สเต็ม,,,,,
STU0309,กุลธิดา ธรรมวงศ์,หญิง,16,ม.4,โรงเรียนขอนแก่นวิทยายน,094-3686111,C009,ชีววิทยา A-Level,ชีววิทยา,ครูแพรว,3300,40,38,2,309,2026-08-05,0.0,3300.0,ลงทะเบียนสำเร็จ,307.0,3300.0,โอนธนาคาร,2026-08-05,ชำระเงินแล้ว
STU0310,ภัทรดนัย วัฒนกุล,ชาย,17,ม.6,โรงเรียนเตรียมอุดมศึกษาพัฒนาการ ขอนแก่น,089-6141234,C006,คณิตศาสตร์ A-Level,คณิตศาสตร์,ครูพิมพ์,3500,40,40,0,310,2026-06-07,0.05,3325.0,ลงทะเบียนสำเร็จ,308.0,3325.0,พร้อมเพย์,2026-06-07,ชำระเงินแล้ว
STU0311,ชนนท์ ศรีอุดม,ชาย,17,ม.5,โรงเรียนกัลยาณวัตร,097-8597270,C009,ชีววิทยา A-Level,ชีววิทยา,ครูแพรว,3300,40,38,2,311,2026-06-07,0.0,3300.0,ลงทะเบียนสำเร็จ,309.0,3300.0,เงินสด,2026-06-07,ชำระเงินแล้ว
STU0312,ณิชาภัทร แก้วใส,หญิง,16,ม.5,โรงเรียนแก่นนครวิทยาลัย,093-4895452,C008,เคมี A-Level,เคมี,ครูศิริ,3400,40,40,0,312,2026-07-20,0.1,0.0,คอร์สเต็ม,,,,,
STU0313,กฤติน ธรรมรักษ์,ชาย,17,ม.6,โรงเรียนแก่นนครวิทยาลัย,081-2711365,C004,ชีววิทยา ม.ปลาย,ชีววิทยา,ครูแพรว,2700,40,40,0,313,2026-06-09,0.0,2700.0,ลงทะเบียนสำเร็จ,310.0,2700.0,บัตรเครดิต,2026-06-09,ชำระเงินแล้ว
STU0314,พีรวิชญ์ วงศ์ษา,ชาย,16,ม.4,โรงเรียนขอนแก่นวิทยายน,082-2138813,C008,เคมี A-Level,เคมี,ครูศิริ,3400,40,40,0,314,2026-06-27,0.1,0.0,คอร์สเต็ม,,,,,
STU0315,กฤติน พงษ์ไพบูลย์,ชาย,16,ม.4,โรงเรียนเตรียมอุดมศึกษาพัฒนาการ ขอนแก่น,099-2295081,C001,คณิตศาสตร์ ม.ปลาย,คณิตศาสตร์,ครูพิมพ์,2800,40,40,0,315,2026-06-17,0.0,2800.0,ลงทะเบียนสำเร็จ,311.0,2800.0,พร้อมเพย์,2026-06-17,ชำระเงินแล้ว
STU0316,ปภาวดี เจริญทรัพย์,หญิง,17,ม.6,โรงเรียนขามแก่นนคร,097-4313776,C008,เคมี A-Level,เคมี,ครูศิริ,3400,40,40,0,316,2026-07-15,0.0,0.0,คอร์สเต็ม,,,,,
STU0317,ศุภชัย ไพศาล,ชาย,16,ม.5,โรงเรียนสาธิตมหาวิทยาลัยขอนแก่น ฝ่ายมัธยมศึกษา (มอดินแดง),097-1495662,C010,ภาษาอังกฤษ A-Level,ภาษาอังกฤษ,ครูณัฐ,3200,40,40,0,317,2026-07-24,0.05,3040.0,ลงทะเบียนสำเร็จ,312.0,3040.0,พร้อมเพย์,2026-07-24,ชำระเงินแล้ว
STU0318,ธีรภัทร บุญธรรม,ชาย,16,ม.4,โรงเรียนกัลยาณวัตร,089-3535642,C002,ฟิสิกส์ ม.ปลาย,ฟิสิกส์,ครูเอก,2800,40,40,0,318,2026-06-02,0.1,2520.0,ลงทะเบียนสำเร็จ,313.0,2520.0,เงินสด,2026-06-02,ชำระเงินแล้ว
STU0319,ภูวดล บุญชู,ชาย,16,ม.5,โรงเรียนขอนแก่นพัฒนศึกษา,092-3844103,C003,เคมี ม.ปลาย,เคมี,ครูศิริ,2700,40,40,0,319,2026-06-18,0.05,2565.0,ลงทะเบียนสำเร็จ,314.0,2565.0,บัตรเครดิต,2026-06-18,ชำระเงินแล้ว
STU0320,ณัฐพงศ์ ทองดี,ชาย,17,ม.6,โรงเรียนสาธิตมหาวิทยาลัยขอนแก่น ฝ่ายมัธยมศึกษา (มอดินแดง),091-6046496,C001,คณิตศาสตร์ ม.ปลาย,คณิตศาสตร์,ครูพิมพ์,2800,40,40,0,320,2026-07-03,0.1,2520.0,ลงทะเบียนสำเร็จ,315.0,2520.0,โอนธนาคาร,2026-07-03,ชำระเงินแล้ว
STU0321,ศุภกร บุญญฤทธิ์,ชาย,16,ม.5,โรงเรียนขอนแก่นพัฒนศึกษา,098-2393415,C010,ภาษาอังกฤษ A-Level,ภาษาอังกฤษ,ครูณัฐ,3200,40,40,0,321,2026-08-14,0.0,3200.0,ลงทะเบียนสำเร็จ,316.0,3200.0,บัตรเครดิต,2026-08-14,ชำระเงินแล้ว
STU0322,นราวิชญ์ พรมมา,ชาย,16,ม.5,โรงเรียนกัลยาณวัตร,095-6881707,C005,ภาษาอังกฤษ ม.ปลาย,ภาษาอังกฤษ,ครูณัฐ,2500,40,35,5,322,2026-06-19,0.05,2375.0,ลงทะเบียนสำเร็จ,317.0,2375.0,โอนธนาคาร,2026-06-19,ชำระเงินแล้ว
STU0323,ณัฐณิชา ศรีสุข,หญิง,16,ม.4,โรงเรียนกัลยาณวัตร,089-1802185,C007,ฟิสิกส์ A-Level,ฟิสิกส์,ครูเอก,3500,40,40,0,323,2026-08-06,0.05,3325.0,ลงทะเบียนสำเร็จ,318.0,3325.0,พร้อมเพย์,2026-08-06,ชำระเงินแล้ว
STU0324,พิชญ์สินี วงศ์ษา,หญิง,18,ม.6,โรงเรียนขอนแก่นวิทยาลัย,088-7949079,C001,คณิตศาสตร์ ม.ปลาย,คณิตศาสตร์,ครูพิมพ์,2800,40,40,0,324,2026-06-21,0.1,2520.0,ลงทะเบียนสำเร็จ,319.0,2520.0,โอนธนาคาร,2026-06-21,ชำระเงินแล้ว
STU0325,นราวิชญ์ บุญเรือง,ชาย,15,ม.4,โรงเรียนขอนแก่นวิทยาลัย,097-4706808,C008,เคมี A-Level,เคมี,ครูศิริ,3400,40,40,0,325,2026-08-03,0.0,0.0,คอร์สเต็ม,,,,,
STU0326,สุชาดา วรรณศรี,หญิง,15,ม.4,โรงเรียนขอนแก่นพัฒนศึกษา,098-5276984,C004,ชีววิทยา ม.ปลาย,ชีววิทยา,ครูแพรว,2700,40,40,0,326,2026-07-15,0.05,2565.0,ลงทะเบียนสำเร็จ,320.0,2565.0,เงินสด,2026-07-15,ชำระเงินแล้ว
STU0327,ปวริศ สุวรรณ,ชาย,16,ม.4,โรงเรียนแก่นนครวิทยาลัย,098-6529488,C004,ชีววิทยา ม.ปลาย,ชีววิทยา,ครูแพรว,2700,40,40,0,327,2026-07-27,0.0,2700.0,ลงทะเบียนสำเร็จ,321.0,2700.0,โอนธนาคาร,2026-07-27,ชำระเงินแล้ว
STU0328,รชต ศรีอุดม,ชาย,17,ม.6,โรงเรียนสาธิตมหาวิทยาลัยขอนแก่น ฝ่ายมัธยมศึกษา (มอดินแดง),083-9449666,C008,เคมี A-Level,เคมี,ครูศิริ,3400,40,40,0,328,2026-07-27,0.05,0.0,คอร์สเต็ม,,,,,
STU0329,ณัฐพงศ์ บุญเลิศ,ชาย,16,ม.5,โรงเรียนเตรียมอุดมศึกษาพัฒนาการ ขอนแก่น,085-7219901,C003,เคมี ม.ปลาย,เคมี,ครูศิริ,2700,40,40,0,329,2026-07-06,0.05,2565.0,ลงทะเบียนสำเร็จ,322.0,2565.0,พร้อมเพย์,2026-07-06,ชำระเงินแล้ว
STU0330,กัญญาณัฐ รัตนวงศ์,หญิง,15,ม.4,โรงเรียนนครขอนแก่น,088-6673334,C007,ฟิสิกส์ A-Level,ฟิสิกส์,ครูเอก,3500,40,40,0,330,2026-06-25,0.05,3325.0,ลงทะเบียนสำเร็จ,323.0,3325.0,เงินสด,2026-06-25,ชำระเงินแล้ว
STU0331,วรากร สุวรรณ,ชาย,17,ม.5,โรงเรียนขอนแก่นวิทยาลัย,081-1872877,C005,ภาษาอังกฤษ ม.ปลาย,ภาษาอังกฤษ,ครูณัฐ,2500,40,35,5,331,2026-08-18,0.05,2375.0,ลงทะเบียนสำเร็จ,324.0,2375.0,พร้อมเพย์,2026-08-18,ชำระเงินแล้ว
STU0332,ชลธิชา ทองใบ,หญิง,16,ม.4,โรงเรียนขอนแก่นวิทยายน,085-2134890,C009,ชีววิทยา A-Level,ชีววิทยา,ครูแพรว,3300,40,38,2,332,2026-08-12,0.0,3300.0,ลงทะเบียนสำเร็จ,325.0,3300.0,บัตรเครดิต,2026-08-12,ชำระเงินแล้ว
STU0333,ปวริศ แสงจันทร์,ชาย,16,ม.4,โรงเรียนขามแก่นนคร,085-3286199,C009,ชีววิทยา A-Level,ชีววิทยา,ครูแพรว,3300,40,38,2,333,2026-06-19,0.1,2970.0,ลงทะเบียนสำเร็จ,326.0,2970.0,เงินสด,2026-06-19,ชำระเงินแล้ว
STU0334,ณัฐพงศ์ ไพศาล,ชาย,18,ม.6,โรงเรียนกัลยาณวัตร,085-4975907,C009,ชีววิทยา A-Level,ชีววิทยา,ครูแพรว,3300,40,38,2,334,2026-08-08,0.1,2970.0,ลงทะเบียนสำเร็จ,327.0,2970.0,บัตรเครดิต,2026-08-08,ชำระเงินแล้ว
STU0335,ธิดารัตน์ ศรีวงศ์,หญิง,17,ม.5,โรงเรียนแก่นนครวิทยาลัย,085-2202165,C002,ฟิสิกส์ ม.ปลาย,ฟิสิกส์,ครูเอก,2800,40,40,0,335,2026-07-30,0.05,2660.0,ลงทะเบียนสำเร็จ,328.0,2660.0,บัตรเครดิต,2026-07-30,ชำระเงินแล้ว
STU0336,พงศกร แสงทอง,ชาย,18,ม.6,โรงเรียนสาธิตมหาวิทยาลัยขอนแก่น ฝ่ายมัธยมศึกษา (มอดินแดง),091-6390131,C002,ฟิสิกส์ ม.ปลาย,ฟิสิกส์,ครูเอก,2800,40,40,0,336,2026-08-01,0.05,2660.0,ลงทะเบียนสำเร็จ,329.0,2660.0,บัตรเครดิต,2026-08-01,ชำระเงินแล้ว
STU0337,ศุภณัฐ เจริญทรัพย์,ชาย,17,ม.6,โรงเรียนเตรียมอุดมศึกษาพัฒนาการ ขอนแก่น,099-8423190,C004,ชีววิทยา ม.ปลาย,ชีววิทยา,ครูแพรว,2700,40,40,0,337,2026-06-11,0.1,2430.0,ลงทะเบียนสำเร็จ,330.0,2430.0,โอนธนาคาร,2026-06-11,ชำระเงินแล้ว
STU0338,ปวีณา พรหมรักษา,หญิง,15,ม.4,โรงเรียนสาธิตมหาวิทยาลัยขอนแก่น ฝ่ายมัธยมศึกษา (ศึกษาศาสตร์),083-6190999,C007,ฟิสิกส์ A-Level,ฟิสิกส์,ครูเอก,3500,40,40,0,338,2026-08-04,0.05,3325.0,ลงทะเบียนสำเร็จ,331.0,3325.0,โอนธนาคาร,2026-08-04,ชำระเงินแล้ว
STU0339,รวิภาส ทองดี,ชาย,16,ม.4,โรงเรียนแก่นนครวิทยาลัย,097-8713357,C008,เคมี A-Level,เคมี,ครูศิริ,3400,40,40,0,339,2026-06-16,0.0,0.0,คอร์สเต็ม,,,,,
STU0340,ปุณณภา แก้วมณี,หญิง,18,ม.6,โรงเรียนกัลยาณวัตร,085-8870035,C010,ภาษาอังกฤษ A-Level,ภาษาอังกฤษ,ครูณัฐ,3200,40,40,0,340,2026-07-23,0.1,2880.0,ลงทะเบียนสำเร็จ,332.0,2880.0,เงินสด,2026-07-23,ชำระเงินแล้ว
STU0341,ภัทรดนัย แสงทอง,ชาย,17,ม.5,โรงเรียนแก่นนครวิทยาลัย,086-1763390,C003,เคมี ม.ปลาย,เคมี,ครูศิริ,2700,40,40,0,341,2026-07-29,0.1,2430.0,ลงทะเบียนสำเร็จ,333.0,2430.0,พร้อมเพย์,2026-07-29,ชำระเงินแล้ว
STU0342,ธนภัทร วงศ์ดี,ชาย,16,ม.5,โรงเรียนกัลยาณวัตร,095-9374787,C002,ฟิสิกส์ ม.ปลาย,ฟิสิกส์,ครูเอก,2800,40,40,0,342,2026-06-16,0.0,2800.0,ลงทะเบียนสำเร็จ,334.0,2800.0,โอนธนาคาร,2026-06-16,ชำระเงินแล้ว
STU0343,พศิน ศรีทอง,ชาย,16,ม.5,โรงเรียนสาธิตมหาวิทยาลัยขอนแก่น ฝ่ายมัธยมศึกษา (ศึกษาศาสตร์),086-6105480,C009,ชีววิทยา A-Level,ชีววิทยา,ครูแพรว,3300,40,38,2,343,2026-07-25,0.0,3300.0,ลงทะเบียนสำเร็จ,335.0,3300.0,เงินสด,2026-07-25,ชำระเงินแล้ว
STU0344,ธนาธิป เจริญวงศ์,ชาย,17,ม.5,โรงเรียนขอนแก่นวิทยาลัย,089-6320092,C002,ฟิสิกส์ ม.ปลาย,ฟิสิกส์,ครูเอก,2800,40,40,0,344,2026-06-14,0.0,2800.0,ลงทะเบียนสำเร็จ,336.0,2800.0,พร้อมเพย์,2026-06-14,ชำระเงินแล้ว
STU0345,ณัฐภัทร บุญเลิศ,ชาย,16,ม.5,โรงเรียนนครขอนแก่น,099-8723230,C002,ฟิสิกส์ ม.ปลาย,ฟิสิกส์,ครูเอก,2800,40,40,0,345,2026-06-10,0.1,2520.0,ลงทะเบียนสำเร็จ,337.0,2520.0,โอนธนาคาร,2026-06-10,ชำระเงินแล้ว
STU0346,ศศิธร วัฒนกุล,หญิง,17,ม.5,โรงเรียนขอนแก่นวิทยาลัย,098-5842802,C008,เคมี A-Level,เคมี,ครูศิริ,3400,40,40,0,346,2026-06-21,0.1,0.0,คอร์สเต็ม,,,,,
STU0347,รชต คำภา,ชาย,18,ม.6,โรงเรียนขอนแก่นวิทยายน,092-5765451,C005,ภาษาอังกฤษ ม.ปลาย,ภาษาอังกฤษ,ครูณัฐ,2500,40,35,5,347,2026-08-14,0.1,2250.0,ลงทะเบียนสำเร็จ,338.0,2250.0,เงินสด,2026-08-14,ชำระเงินแล้ว
STU0348,เอกภพ จันทร์แก้ว,ชาย,17,ม.6,โรงเรียนเตรียมอุดมศึกษาพัฒนาการ ขอนแก่น,084-9342032,C010,ภาษาอังกฤษ A-Level,ภาษาอังกฤษ,ครูณัฐ,3200,40,40,0,348,2026-08-09,0.1,2880.0,ลงทะเบียนสำเร็จ,339.0,2880.0,บัตรเครดิต,2026-08-09,ชำระเงินแล้ว
STU0349,วรรณวิสา ศรีนวล,หญิง,17,ม.6,โรงเรียนนครขอนแก่น,089-9350660,C001,คณิตศาสตร์ ม.ปลาย,คณิตศาสตร์,ครูพิมพ์,2800,40,40,0,349,2026-06-26,0.0,2800.0,ลงทะเบียนสำเร็จ,340.0,2800.0,เงินสด,2026-06-26,ชำระเงินแล้ว
STU0350,พิมพ์ลภัส ศรีนวล,หญิง,15,ม.4,โรงเรียนขอนแก่นวิทยาลัย,082-3399626,C006,คณิตศาสตร์ A-Level,คณิตศาสตร์,ครูพิมพ์,3500,40,40,0,350,2026-06-13,0.05,3325.0,ลงทะเบียนสำเร็จ,341.0,3325.0,พร้อมเพย์,2026-06-13,ชำระเงินแล้ว
STU0351,พีรพัฒน์ ศรีสวัสดิ์,ชาย,17,ม.5,โรงเรียนแก่นนครวิทยาลัย,082-4933880,C003,เคมี ม.ปลาย,เคมี,ครูศิริ,2700,40,40,0,351,2026-06-09,0.1,2430.0,ลงทะเบียนสำเร็จ,342.0,2430.0,บัตรเครดิต,2026-06-09,ชำระเงินแล้ว
STU0352,ชนัญชิดา แก้วใส,หญิง,16,ม.4,โรงเรียนสาธิตมหาวิทยาลัยขอนแก่น ฝ่ายมัธยมศึกษา (มอดินแดง),095-6923907,C005,ภาษาอังกฤษ ม.ปลาย,ภาษาอังกฤษ,ครูณัฐ,2500,40,35,5,352,2026-06-06,0.0,2500.0,ลงทะเบียนสำเร็จ,343.0,2500.0,พร้อมเพย์,2026-06-06,ชำระเงินแล้ว
STU0353,พีรพงศ์ ชัยมงคล,ชาย,16,ม.4,โรงเรียนแก่นนครวิทยาลัย,092-9439342,C004,ชีววิทยา ม.ปลาย,ชีววิทยา,ครูแพรว,2700,40,40,0,353,2026-07-15,0.1,2430.0,ลงทะเบียนสำเร็จ,344.0,2430.0,เงินสด,2026-07-15,ชำระเงินแล้ว
STU0354,พัชรินทร์ รัตนกุล,หญิง,15,ม.4,โรงเรียนแก่นนครวิทยาลัย,085-5140986,C007,ฟิสิกส์ A-Level,ฟิสิกส์,ครูเอก,3500,40,40,0,354,2026-06-27,0.1,3150.0,ลงทะเบียนสำเร็จ,345.0,3150.0,โอนธนาคาร,2026-06-27,ชำระเงินแล้ว
STU0355,วรัญญา พงษ์ศรี,หญิง,16,ม.5,โรงเรียนแก่นนครวิทยาลัย,088-1741440,C008,เคมี A-Level,เคมี,ครูศิริ,3400,40,40,0,355,2026-06-28,0.0,0.0,คอร์สเต็ม,,,,,
STU0356,พีรพงศ์ คำภา,ชาย,18,ม.6,โรงเรียนสาธิตมหาวิทยาลัยขอนแก่น ฝ่ายมัธยมศึกษา (มอดินแดง),086-2835099,C001,คณิตศาสตร์ ม.ปลาย,คณิตศาสตร์,ครูพิมพ์,2800,40,40,0,356,2026-06-04,0.05,2660.0,ลงทะเบียนสำเร็จ,346.0,2660.0,พร้อมเพย์,2026-06-04,ชำระเงินแล้ว
STU0357,สิริกัญญา บุญเรือง,หญิง,17,ม.5,โรงเรียนขอนแก่นวิทยายน,089-3101802,C002,ฟิสิกส์ ม.ปลาย,ฟิสิกส์,ครูเอก,2800,40,40,0,357,2026-06-20,0.05,2660.0,ลงทะเบียนสำเร็จ,347.0,2660.0,เงินสด,2026-06-20,ชำระเงินแล้ว
STU0358,ชยุต ใจดี,ชาย,17,ม.5,โรงเรียนขอนแก่นพัฒนศึกษา,089-9283591,C001,คณิตศาสตร์ ม.ปลาย,คณิตศาสตร์,ครูพิมพ์,2800,40,40,0,358,2026-08-13,0.05,2660.0,ลงทะเบียนสำเร็จ,348.0,2660.0,เงินสด,2026-08-13,ชำระเงินแล้ว
STU0359,กุลจิรา วงศ์ษา,หญิง,16,ม.4,โรงเรียนสาธิตมหาวิทยาลัยขอนแก่น ฝ่ายมัธยมศึกษา (ศึกษาศาสตร์),081-3701602,C006,คณิตศาสตร์ A-Level,คณิตศาสตร์,ครูพิมพ์,3500,40,40,0,359,2026-06-24,0.0,3500.0,ลงทะเบียนสำเร็จ,349.0,3500.0,โอนธนาคาร,2026-06-24,ชำระเงินแล้ว
STU0360,ปวีณา ศรีวงศ์,หญิง,15,ม.4,โรงเรียนขอนแก่นวิทยายน,098-8236023,C010,ภาษาอังกฤษ A-Level,ภาษาอังกฤษ,ครูณัฐ,3200,40,40,0,360,2026-08-07,0.0,3200.0,ลงทะเบียนสำเร็จ,350.0,3200.0,โอนธนาคาร,2026-08-07,ชำระเงินแล้ว
STU0361,พัชรินทร์ บุญญฤทธิ์,หญิง,17,ม.5,โรงเรียนสาธิตมหาวิทยาลัยขอนแก่น ฝ่ายมัธยมศึกษา (ศึกษาศาสตร์),089-2732444,C005,ภาษาอังกฤษ ม.ปลาย,ภาษาอังกฤษ,ครูณัฐ,2500,40,35,5,361,2026-08-17,0.1,2250.0,ลงทะเบียนสำเร็จ,351.0,2250.0,บัตรเครดิต,2026-08-17,ชำระเงินแล้ว
STU0362,ณิชาภา เกียรติศักดิ์,หญิง,16,ม.5,โรงเรียนเตรียมอุดมศึกษาพัฒนาการ ขอนแก่น,091-8787180,C009,ชีววิทยา A-Level,ชีววิทยา,ครูแพรว,3300,40,38,2,362,2026-07-04,0.05,3135.0,ลงทะเบียนสำเร็จ,352.0,3135.0,โอนธนาคาร,2026-07-04,ชำระเงินแล้ว
STU0363,ศุภณัฐ มงคลชัย,ชาย,16,ม.5,โรงเรียนเตรียมอุดมศึกษาพัฒนาการ ขอนแก่น,097-2105075,C004,ชีววิทยา ม.ปลาย,ชีววิทยา,ครูแพรว,2700,40,40,0,363,2026-06-28,0.05,2565.0,ลงทะเบียนสำเร็จ,353.0,2565.0,เงินสด,2026-06-28,ชำระเงินแล้ว
STU0364,พีรพงศ์ เจริญทรัพย์,ชาย,15,ม.4,โรงเรียนกัลยาณวัตร,091-4342648,C009,ชีววิทยา A-Level,ชีววิทยา,ครูแพรว,3300,40,38,2,364,2026-06-22,0.05,3135.0,ลงทะเบียนสำเร็จ,354.0,3135.0,เงินสด,2026-06-22,ชำระเงินแล้ว
STU0365,พิมพ์ลภัส พรมมา,หญิง,16,ม.4,โรงเรียนสาธิตมหาวิทยาลัยขอนแก่น ฝ่ายมัธยมศึกษา (มอดินแดง),092-1875263,C009,ชีววิทยา A-Level,ชีววิทยา,ครูแพรว,3300,40,38,2,365,2026-06-04,0.1,2970.0,ลงทะเบียนสำเร็จ,355.0,2970.0,บัตรเครดิต,2026-06-04,ชำระเงินแล้ว
STU0366,พัชราภา ศรีสมบัติ,หญิง,17,ม.5,โรงเรียนกัลยาณวัตร,097-2326454,C005,ภาษาอังกฤษ ม.ปลาย,ภาษาอังกฤษ,ครูณัฐ,2500,40,35,5,366,2026-06-05,0.1,2250.0,ลงทะเบียนสำเร็จ,356.0,2250.0,บัตรเครดิต,2026-06-05,ชำระเงินแล้ว
STU0367,พีรพงศ์ บุญเลิศ,ชาย,17,ม.5,โรงเรียนเตรียมอุดมศึกษาพัฒนาการ ขอนแก่น,098-5213986,C005,ภาษาอังกฤษ ม.ปลาย,ภาษาอังกฤษ,ครูณัฐ,2500,40,35,5,367,2026-06-15,0.1,2250.0,ลงทะเบียนสำเร็จ,357.0,2250.0,พร้อมเพย์,2026-06-15,ชำระเงินแล้ว
STU0368,ชนัญชิดา บุญญฤทธิ์,หญิง,15,ม.4,โรงเรียนสาธิตมหาวิทยาลัยขอนแก่น ฝ่ายมัธยมศึกษา (ศึกษาศาสตร์),085-4081124,C001,คณิตศาสตร์ ม.ปลาย,คณิตศาสตร์,ครูพิมพ์,2800,40,40,0,368,2026-08-18,0.1,0.0,คอร์สเต็ม,,,,,
STU0369,กุลธิดา บุญมี,หญิง,18,ม.6,โรงเรียนสาธิตมหาวิทยาลัยขอนแก่น ฝ่ายมัธยมศึกษา (ศึกษาศาสตร์),096-2019175,C004,ชีววิทยา ม.ปลาย,ชีววิทยา,ครูแพรว,2700,40,40,0,369,2026-06-09,0.0,2700.0,ลงทะเบียนสำเร็จ,358.0,2700.0,บัตรเครดิต,2026-06-09,ชำระเงินแล้ว
STU0370,ชนัญชิดา บุญเรือง,หญิง,16,ม.4,โรงเรียนสาธิตมหาวิทยาลัยขอนแก่น ฝ่ายมัธยมศึกษา (ศึกษาศาสตร์),099-2191900,C002,ฟิสิกส์ ม.ปลาย,ฟิสิกส์,ครูเอก,2800,40,40,0,370,2026-06-19,0.0,2800.0,ลงทะเบียนสำเร็จ,359.0,2800.0,บัตรเครดิต,2026-06-19,ชำระเงินแล้ว
STU0371,สิทธิโชค สุขสันต์,ชาย,17,ม.5,โรงเรียนขอนแก่นวิทยายน,095-9358770,C008,เคมี A-Level,เคมี,ครูศิริ,3400,40,40,0,371,2026-06-25,0.05,0.0,คอร์สเต็ม,,,,,
STU0372,พงศกร ศรีสมบัติ,ชาย,16,ม.5,โรงเรียนสาธิตมหาวิทยาลัยขอนแก่น ฝ่ายมัธยมศึกษา (ศึกษาศาสตร์),083-3157054,C006,คณิตศาสตร์ A-Level,คณิตศาสตร์,ครูพิมพ์,3500,40,40,0,372,2026-08-20,0.0,3500.0,ลงทะเบียนสำเร็จ,360.0,3500.0,บัตรเครดิต,2026-08-20,ชำระเงินแล้ว
STU0373,ชยุต สายทอง,ชาย,16,ม.4,โรงเรียนนครขอนแก่น,083-7559766,C003,เคมี ม.ปลาย,เคมี,ครูศิริ,2700,40,40,0,373,2026-08-14,0.1,2430.0,ลงทะเบียนสำเร็จ,361.0,2430.0,เงินสด,2026-08-14,ชำระเงินแล้ว
STU0374,พัชราภา ศรีบุญเรือง,หญิง,17,ม.6,โรงเรียนขอนแก่นวิทยาลัย,092-3011803,C004,ชีววิทยา ม.ปลาย,ชีววิทยา,ครูแพรว,2700,40,40,0,374,2026-06-30,0.1,2430.0,ลงทะเบียนสำเร็จ,362.0,2430.0,เงินสด,2026-06-30,ชำระเงินแล้ว
STU0375,ศศิธร ธรรมวงศ์,หญิง,16,ม.5,โรงเรียนขอนแก่นพัฒนศึกษา,095-7691053,C010,ภาษาอังกฤษ A-Level,ภาษาอังกฤษ,ครูณัฐ,3200,40,40,0,375,2026-07-12,0.1,2880.0,ลงทะเบียนสำเร็จ,363.0,2880.0,โอนธนาคาร,2026-07-12,ชำระเงินแล้ว
STU0376,ภูริณัฐ สุขเกษม,ชาย,16,ม.5,โรงเรียนขอนแก่นวิทยาลัย,087-7136990,C002,ฟิสิกส์ ม.ปลาย,ฟิสิกส์,ครูเอก,2800,40,40,0,376,2026-08-17,0.05,2660.0,ลงทะเบียนสำเร็จ,364.0,2660.0,บัตรเครดิต,2026-08-17,ชำระเงินแล้ว
STU0377,ภัทรวดี แสงจันทร์,หญิง,16,ม.4,โรงเรียนกัลยาณวัตร,081-7897815,C010,ภาษาอังกฤษ A-Level,ภาษาอังกฤษ,ครูณัฐ,3200,40,40,0,377,2026-07-02,0.05,3040.0,ลงทะเบียนสำเร็จ,365.0,3040.0,โอนธนาคาร,2026-07-02,ชำระเงินแล้ว
STU0378,ปุณณภา พงษ์ศรี,หญิง,17,ม.6,โรงเรียนเตรียมอุดมศึกษาพัฒนาการ ขอนแก่น,096-7308172,C007,ฟิสิกส์ A-Level,ฟิสิกส์,ครูเอก,3500,40,40,0,378,2026-06-29,0.0,3500.0,ลงทะเบียนสำเร็จ,366.0,3500.0,โอนธนาคาร,2026-06-29,ชำระเงินแล้ว
STU0379,อริสรา จันทร์ดี,หญิง,17,ม.6,โรงเรียนแก่นนครวิทยาลัย,088-8629672,C001,คณิตศาสตร์ ม.ปลาย,คณิตศาสตร์,ครูพิมพ์,2800,40,40,0,379,2026-07-17,0.0,0.0,คอร์สเต็ม,,,,,
STU0380,ศศิธร ศรีสวัสดิ์,หญิง,16,ม.4,โรงเรียนเตรียมอุดมศึกษาพัฒนาการ ขอนแก่น,092-7565801,C002,ฟิสิกส์ ม.ปลาย,ฟิสิกส์,ครูเอก,2800,40,40,0,380,2026-06-18,0.05,2660.0,ลงทะเบียนสำเร็จ,367.0,2660.0,เงินสด,2026-06-18,ชำระเงินแล้ว
STU0381,ภัทรพล วรรณศรี,ชาย,17,ม.5,โรงเรียนสาธิตมหาวิทยาลัยขอนแก่น ฝ่ายมัธยมศึกษา (มอดินแดง),094-4706146,C009,ชีววิทยา A-Level,ชีววิทยา,ครูแพรว,3300,40,38,2,381,2026-08-06,0.05,3135.0,ลงทะเบียนสำเร็จ,368.0,3135.0,บัตรเครดิต,2026-08-06,ชำระเงินแล้ว
STU0382,อริสรา ศรีวิชัย,หญิง,16,ม.5,โรงเรียนสาธิตมหาวิทยาลัยขอนแก่น ฝ่ายมัธยมศึกษา (ศึกษาศาสตร์),097-1865956,C010,ภาษาอังกฤษ A-Level,ภาษาอังกฤษ,ครูณัฐ,3200,40,40,0,382,2026-06-05,0.1,2880.0,ลงทะเบียนสำเร็จ,369.0,2880.0,โอนธนาคาร,2026-06-05,ชำระเงินแล้ว
STU0383,วรเมธ ศรีทอง,ชาย,18,ม.6,โรงเรียนขามแก่นนคร,097-5220579,C003,เคมี ม.ปลาย,เคมี,ครูศิริ,2700,40,40,0,383,2026-08-10,0.1,0.0,คอร์สเต็ม,,,,,
STU0384,รินรดา วัฒนกุล,หญิง,18,ม.6,โรงเรียนสาธิตมหาวิทยาลัยขอนแก่น ฝ่ายมัธยมศึกษา (ศึกษาศาสตร์),085-6448690,C010,ภาษาอังกฤษ A-Level,ภาษาอังกฤษ,ครูณัฐ,3200,40,40,0,384,2026-07-08,0.0,0.0,คอร์สเต็ม,,,,,
STU0385,ปกรณ์ ศรีนวล,ชาย,17,ม.5,โรงเรียนขามแก่นนคร,086-9295505,C002,ฟิสิกส์ ม.ปลาย,ฟิสิกส์,ครูเอก,2800,40,40,0,385,2026-07-27,0.1,0.0,คอร์สเต็ม,,,,,
STU0386,สุชาดา พงษ์ไพบูลย์,หญิง,17,ม.5,โรงเรียนสาธิตมหาวิทยาลัยขอนแก่น ฝ่ายมัธยมศึกษา (มอดินแดง),082-8723592,C005,ภาษาอังกฤษ ม.ปลาย,ภาษาอังกฤษ,ครูณัฐ,2500,40,35,5,386,2026-07-08,0.0,2500.0,ลงทะเบียนสำเร็จ,370.0,2500.0,โอนธนาคาร,2026-07-08,ชำระเงินแล้ว
STU0387,อัญชิสา สายทอง,หญิง,18,ม.6,โรงเรียนแก่นนครวิทยาลัย,093-8257756,C001,คณิตศาสตร์ ม.ปลาย,คณิตศาสตร์,ครูพิมพ์,2800,40,40,0,387,2026-07-21,0.1,0.0,คอร์สเต็ม,,,,,
STU0388,พีรวิชญ์ ศรีอุดม,ชาย,15,ม.4,โรงเรียนขอนแก่นวิทยายน,093-4624157,C009,ชีววิทยา A-Level,ชีววิทยา,ครูแพรว,3300,40,38,2,388,2026-07-31,0.05,3135.0,ลงทะเบียนสำเร็จ,371.0,3135.0,เงินสด,2026-07-31,ชำระเงินแล้ว
STU0389,สุภัสสรา วงศ์ษา,หญิง,18,ม.6,โรงเรียนขอนแก่นพัฒนศึกษา,099-9617632,C003,เคมี ม.ปลาย,เคมี,ครูศิริ,2700,40,40,0,389,2026-06-11,0.1,0.0,คอร์สเต็ม,,,,,
STU0390,ชยุต คำภา,ชาย,18,ม.6,โรงเรียนขอนแก่นวิทยายน,091-5189732,C004,ชีววิทยา ม.ปลาย,ชีววิทยา,ครูแพรว,2700,40,40,0,390,2026-07-06,0.1,2430.0,ลงทะเบียนสำเร็จ,372.0,2430.0,เงินสด,2026-07-06,ชำระเงินแล้ว
STU0391,ภาคิน ศรีสวัสดิ์,ชาย,15,ม.4,โรงเรียนสาธิตมหาวิทยาลัยขอนแก่น ฝ่ายมัธยมศึกษา (ศึกษาศาสตร์),087-5435833,C004,ชีววิทยา ม.ปลาย,ชีววิทยา,ครูแพรว,2700,40,40,0,391,2026-06-25,0.0,2700.0,ลงทะเบียนสำเร็จ,373.0,2700.0,โอนธนาคาร,2026-06-25,ชำระเงินแล้ว
STU0392,สิทธิโชค วงศ์ดี,ชาย,16,ม.5,โรงเรียนแก่นนครวิทยาลัย,092-4545063,C002,ฟิสิกส์ ม.ปลาย,ฟิสิกส์,ครูเอก,2800,40,40,0,392,2026-08-07,0.0,0.0,คอร์สเต็ม,,,,,
STU0393,อริสา มงคลชัย,หญิง,18,ม.6,โรงเรียนขอนแก่นวิทยาลัย,092-1463802,C003,เคมี ม.ปลาย,เคมี,ครูศิริ,2700,40,40,0,393,2026-08-16,0.1,0.0,คอร์สเต็ม,,,,,
STU0394,พัณณิตา แก้วใส,หญิง,18,ม.6,โรงเรียนขามแก่นนคร,088-4736765,C010,ภาษาอังกฤษ A-Level,ภาษาอังกฤษ,ครูณัฐ,3200,40,40,0,394,2026-07-31,0.05,0.0,คอร์สเต็ม,,,,,
STU0395,ธัญญารัตน์ ศรีวิชัย,หญิง,16,ม.4,โรงเรียนขอนแก่นวิทยายน,086-3875635,C010,ภาษาอังกฤษ A-Level,ภาษาอังกฤษ,ครูณัฐ,3200,40,40,0,395,2026-07-08,0.0,0.0,คอร์สเต็ม,,,,,
STU0396,พัชราภา แสงจันทร์,หญิง,17,ม.5,โรงเรียนกัลยาณวัตร,097-7111522,C009,ชีววิทยา A-Level,ชีววิทยา,ครูแพรว,3300,40,38,2,396,2026-08-07,0.05,3135.0,ลงทะเบียนสำเร็จ,374.0,3135.0,บัตรเครดิต,2026-08-07,ชำระเงินแล้ว
STU0397,อธิพัฒน์ แสงทอง,ชาย,16,ม.4,โรงเรียนสาธิตมหาวิทยาลัยขอนแก่น ฝ่ายมัธยมศึกษา (มอดินแดง),099-1409726,C009,ชีววิทยา A-Level,ชีววิทยา,ครูแพรว,3300,40,38,2,397,2026-07-06,0.0,3300.0,ลงทะเบียนสำเร็จ,375.0,3300.0,เงินสด,2026-07-06,ชำระเงินแล้ว
STU0398,ณัฐภัทร วงศ์ษา,ชาย,16,ม.5,โรงเรียนขอนแก่นวิทยาลัย,099-7485378,C002,ฟิสิกส์ ม.ปลาย,ฟิสิกส์,ครูเอก,2800,40,40,0,398,2026-07-09,0.1,0.0,คอร์สเต็ม,,,,,
STU0399,ธนภัทร ศรีเจริญ,ชาย,16,ม.4,โรงเรียนเตรียมอุดมศึกษาพัฒนาการ ขอนแก่น,089-1734599,C010,ภาษาอังกฤษ A-Level,ภาษาอังกฤษ,ครูณัฐ,3200,40,40,0,399,2026-08-10,0.05,0.0,คอร์สเต็ม,,,,,
STU0400,พีรพัฒน์ ชนะชัย,ชาย,18,ม.6,โรงเรียนแก่นนครวิทยาลัย,088-1344421,C004,ชีววิทยา ม.ปลาย,ชีววิทยา,ครูแพรว,2700,40,40,0,400,2026-07-10,0.05,2565.0,ลงทะเบียนสำเร็จ,376.0,2565.0,พร้อมเพย์,2026-07-10,ชำระเงินแล้ว
STU0401,พิมพ์ชนก ศรีบุญเรือง,หญิง,16,ม.4,โรงเรียนแก่นนครวิทยาลัย,091-5377888,C006,คณิตศาสตร์ A-Level,คณิตศาสตร์,ครูพิมพ์,3500,40,40,0,401,2026-08-03,0.05,3325.0,ลงทะเบียนสำเร็จ,377.0,3325.0,เงินสด,2026-08-03,ชำระเงินแล้ว
STU0402,พีรวิชญ์ บุญเลิศ,ชาย,16,ม.4,โรงเรียนขอนแก่นพัฒนศึกษา,086-5507529,C009,ชีววิทยา A-Level,ชีววิทยา,ครูแพรว,3300,40,38,2,402,2026-07-16,0.0,3300.0,ลงทะเบียนสำเร็จ,378.0,3300.0,เงินสด,2026-07-16,ชำระเงินแล้ว
STU0403,ชยพล พงษ์ศรี,ชาย,15,ม.4,โรงเรียนเตรียมอุดมศึกษาพัฒนาการ ขอนแก่น,087-6232594,C003,เคมี ม.ปลาย,เคมี,ครูศิริ,2700,40,40,0,403,2026-08-03,0.1,0.0,คอร์สเต็ม,,,,,
STU0404,สุพิชญา ไชยวงศ์,หญิง,17,ม.6,โรงเรียนขามแก่นนคร,098-5455981,C009,ชีววิทยา A-Level,ชีววิทยา,ครูแพรว,3300,40,38,2,404,2026-08-19,0.05,3135.0,ลงทะเบียนสำเร็จ,379.0,3135.0,เงินสด,2026-08-19,ชำระเงินแล้ว
STU0405,ธนพร สายทอง,หญิง,16,ม.5,โรงเรียนแก่นนครวิทยาลัย,091-7570600,C003,เคมี ม.ปลาย,เคมี,ครูศิริ,2700,40,40,0,405,2026-07-27,0.05,0.0,คอร์สเต็ม,,,,,
STU0406,ธนาธิป วัฒนชัย,ชาย,17,ม.6,โรงเรียนแก่นนครวิทยาลัย,098-4208765,C002,ฟิสิกส์ ม.ปลาย,ฟิสิกส์,ครูเอก,2800,40,40,0,406,2026-06-03,0.0,0.0,คอร์สเต็ม,,,,,
STU0407,พัชรินทร์ เจริญวงศ์,หญิง,18,ม.6,โรงเรียนขอนแก่นวิทยาลัย,083-7667320,C006,คณิตศาสตร์ A-Level,คณิตศาสตร์,ครูพิมพ์,3500,40,40,0,407,2026-08-18,0.1,3150.0,ลงทะเบียนสำเร็จ,380.0,3150.0,พร้อมเพย์,2026-08-18,ชำระเงินแล้ว
STU0408,วรเมธ บุญส่ง,ชาย,17,ม.6,โรงเรียนกัลยาณวัตร,099-6635059,C004,ชีววิทยา ม.ปลาย,ชีววิทยา,ครูแพรว,2700,40,40,0,408,2026-08-02,0.05,2565.0,ลงทะเบียนสำเร็จ,381.0,2565.0,โอนธนาคาร,2026-08-02,ชำระเงินแล้ว
STU0409,กัญญาวีร์ เกียรติศักดิ์,หญิง,18,ม.6,โรงเรียนเตรียมอุดมศึกษาพัฒนาการ ขอนแก่น,093-2267544,C010,ภาษาอังกฤษ A-Level,ภาษาอังกฤษ,ครูณัฐ,3200,40,40,0,409,2026-08-10,0.1,0.0,คอร์สเต็ม,,,,,
STU0410,กิตติพงษ์ บุญส่ง,ชาย,15,ม.4,โรงเรียนขอนแก่นวิทยาลัย,099-8306672,C006,คณิตศาสตร์ A-Level,คณิตศาสตร์,ครูพิมพ์,3500,40,40,0,410,2026-08-11,0.1,3150.0,ลงทะเบียนสำเร็จ,382.0,3150.0,พร้อมเพย์,2026-08-11,ชำระเงินแล้ว
STU0411,วรเมธ ชนะชัย,ชาย,17,ม.6,โรงเรียนกัลยาณวัตร,097-4637141,C005,ภาษาอังกฤษ ม.ปลาย,ภาษาอังกฤษ,ครูณัฐ,2500,40,35,5,411,2026-08-10,0.0,2500.0,ลงทะเบียนสำเร็จ,383.0,2500.0,พร้อมเพย์,2026-08-10,ชำระเงินแล้ว
STU0412,อัญชิสา สายทอง,หญิง,18,ม.6,โรงเรียนสาธิตมหาวิทยาลัยขอนแก่น ฝ่ายมัธยมศึกษา (ศึกษาศาสตร์),088-4596030,C001,คณิตศาสตร์ ม.ปลาย,คณิตศาสตร์,ครูพิมพ์,2800,40,40,0,412,2026-08-01,0.05,0.0,คอร์สเต็ม,,,,,
STU0413,ณรงค์ฤทธิ์ ศรีเจริญ,ชาย,16,ม.4,โรงเรียนเตรียมอุดมศึกษาพัฒนาการ ขอนแก่น,098-2699727,C008,เคมี A-Level,เคมี,ครูศิริ,3400,40,40,0,413,2026-06-22,0.1,0.0,คอร์สเต็ม,,,,,
STU0414,ปัณณวิชญ์ พรหมรักษา,ชาย,16,ม.5,โรงเรียนขอนแก่นวิทยายน,082-6768393,C007,ฟิสิกส์ A-Level,ฟิสิกส์,ครูเอก,3500,40,40,0,414,2026-08-19,0.1,3150.0,ลงทะเบียนสำเร็จ,384.0,3150.0,เงินสด,2026-08-19,ชำระเงินแล้ว
STU0415,กวิน วงศ์ดี,ชาย,17,ม.6,โรงเรียนขอนแก่นวิทยายน,097-6390602,C006,คณิตศาสตร์ A-Level,คณิตศาสตร์,ครูพิมพ์,3500,40,40,0,415,2026-06-22,0.05,3325.0,ลงทะเบียนสำเร็จ,385.0,3325.0,บัตรเครดิต,2026-06-22,ชำระเงินแล้ว
STU0416,พิมพ์ลภัส บุญส่ง,หญิง,17,ม.6,โรงเรียนขอนแก่นพัฒนศึกษา,081-1733537,C001,คณิตศาสตร์ ม.ปลาย,คณิตศาสตร์,ครูพิมพ์,2800,40,40,0,416,2026-06-23,0.0,0.0,คอร์สเต็ม,,,,,
STU0417,กัญญาณัฐ บุญญฤทธิ์,หญิง,17,ม.5,โรงเรียนนครขอนแก่น,097-1590535,C003,เคมี ม.ปลาย,เคมี,ครูศิริ,2700,40,40,0,417,2026-08-12,0.0,0.0,คอร์สเต็ม,,,,,
STU0418,ศุภณัฐ วงศ์สุวรรณ,ชาย,18,ม.6,โรงเรียนสาธิตมหาวิทยาลัยขอนแก่น ฝ่ายมัธยมศึกษา (มอดินแดง),083-5223194,C009,ชีววิทยา A-Level,ชีววิทยา,ครูแพรว,3300,40,38,2,418,2026-07-08,0.0,3300.0,ลงทะเบียนสำเร็จ,386.0,3300.0,เงินสด,2026-07-08,ชำระเงินแล้ว
STU0419,กิตติพงษ์ เกียรติศักดิ์,ชาย,17,ม.6,โรงเรียนสาธิตมหาวิทยาลัยขอนแก่น ฝ่ายมัธยมศึกษา (มอดินแดง),094-6367767,C002,ฟิสิกส์ ม.ปลาย,ฟิสิกส์,ครูเอก,2800,40,40,0,419,2026-07-28,0.1,0.0,คอร์สเต็ม,,,,,
STU0420,สุพิชญา บุญชู,หญิง,15,ม.4,โรงเรียนขอนแก่นพัฒนศึกษา,094-3047189,C001,คณิตศาสตร์ ม.ปลาย,คณิตศาสตร์,ครูพิมพ์,2800,40,40,0,420,2026-06-26,0.1,0.0,คอร์สเต็ม,,,,,
STU0421,ณิชาภา สวัสดิ์ชัย,หญิง,15,ม.4,โรงเรียนขอนแก่นพัฒนศึกษา,093-6536873,C008,เคมี A-Level,เคมี,ครูศิริ,3400,40,40,0,421,2026-07-29,0.0,0.0,คอร์สเต็ม,,,,,
STU0422,พัชราภา แก้วใส,หญิง,15,ม.4,โรงเรียนสาธิตมหาวิทยาลัยขอนแก่น ฝ่ายมัธยมศึกษา (ศึกษาศาสตร์),097-5007651,C003,เคมี ม.ปลาย,เคมี,ครูศิริ,2700,40,40,0,422,2026-07-18,0.05,0.0,คอร์สเต็ม,,,,,
STU0423,ธิดารัตน์ บุญมี,หญิง,16,ม.4,โรงเรียนสาธิตมหาวิทยาลัยขอนแก่น ฝ่ายมัธยมศึกษา (มอดินแดง),099-1561283,C008,เคมี A-Level,เคมี,ครูศิริ,3400,40,40,0,423,2026-06-15,0.05,0.0,คอร์สเต็ม,,,,,
STU0424,กรวิชญ์ พรหมรักษา,ชาย,16,ม.4,โรงเรียนนครขอนแก่น,094-3738128,C010,ภาษาอังกฤษ A-Level,ภาษาอังกฤษ,ครูณัฐ,3200,40,40,0,424,2026-07-31,0.1,0.0,คอร์สเต็ม,,,,,
STU0425,ชญาดา สุวรรณ,หญิง,17,ม.6,โรงเรียนขอนแก่นวิทยายน,089-3723214,C009,ชีววิทยา A-Level,ชีววิทยา,ครูแพรว,3300,40,38,2,425,2026-08-12,0.0,3300.0,ลงทะเบียนสำเร็จ,387.0,3300.0,เงินสด,2026-08-12,ชำระเงินแล้ว
STU0426,ชนนท์ สุริยะ,ชาย,15,ม.4,โรงเรียนขอนแก่นวิทยายน,083-1782927,C010,ภาษาอังกฤษ A-Level,ภาษาอังกฤษ,ครูณัฐ,3200,40,40,0,426,2026-07-12,0.05,0.0,คอร์สเต็ม,,,,,
STU0427,ณัฐภัทร บุญส่ง,ชาย,16,ม.5,โรงเรียนกัลยาณวัตร,091-4018956,C004,ชีววิทยา ม.ปลาย,ชีววิทยา,ครูแพรว,2700,40,40,0,427,2026-07-05,0.1,2430.0,ลงทะเบียนสำเร็จ,388.0,2430.0,เงินสด,2026-07-05,ชำระเงินแล้ว
STU0428,ภัทรพล วงศ์สุวรรณ,ชาย,16,ม.5,โรงเรียนสาธิตมหาวิทยาลัยขอนแก่น ฝ่ายมัธยมศึกษา (มอดินแดง),098-3820336,C006,คณิตศาสตร์ A-Level,คณิตศาสตร์,ครูพิมพ์,3500,40,40,0,428,2026-08-05,0.1,0.0,คอร์สเต็ม,,,,,
STU0429,ธนวัฒน์ ชัยมงคล,ชาย,16,ม.4,โรงเรียนนครขอนแก่น,098-2617203,C010,ภาษาอังกฤษ A-Level,ภาษาอังกฤษ,ครูณัฐ,3200,40,40,0,429,2026-07-01,0.0,0.0,คอร์สเต็ม,,,,,
STU0430,สิริกัญญา บุญมี,หญิง,16,ม.4,โรงเรียนขอนแก่นพัฒนศึกษา,081-4244271,C008,เคมี A-Level,เคมี,ครูศิริ,3400,40,40,0,430,2026-07-07,0.05,0.0,คอร์สเต็ม,,,,,
STU0431,ชุติกาญจน์ พรมมา,หญิง,16,ม.4,โรงเรียนแก่นนครวิทยาลัย,099-5797641,C008,เคมี A-Level,เคมี,ครูศิริ,3400,40,40,0,431,2026-07-27,0.0,0.0,คอร์สเต็ม,,,,,
STU0432,อธิพัฒน์ เจริญวงศ์,ชาย,16,ม.4,โรงเรียนสาธิตมหาวิทยาลัยขอนแก่น ฝ่ายมัธยมศึกษา (มอดินแดง),082-5425955,C004,ชีววิทยา ม.ปลาย,ชีววิทยา,ครูแพรว,2700,40,40,0,432,2026-07-27,0.0,0.0,คอร์สเต็ม,,,,,
STU0433,ปิยธิดา วิไลวรรณ,หญิง,17,ม.5,โรงเรียนขอนแก่นวิทยายน,094-6733831,C004,ชีววิทยา ม.ปลาย,ชีววิทยา,ครูแพรว,2700,40,40,0,433,2026-07-15,0.05,0.0,คอร์สเต็ม,,,,,
STU0434,อริสรา บุญเลิศ,หญิง,15,ม.4,โรงเรียนขามแก่นนคร,089-4928431,C010,ภาษาอังกฤษ A-Level,ภาษาอังกฤษ,ครูณัฐ,3200,40,40,0,434,2026-07-30,0.05,0.0,คอร์สเต็ม,,,,,
STU0435,อัญชิสา พงษ์ไพบูลย์,หญิง,18,ม.6,โรงเรียนแก่นนครวิทยาลัย,094-9333035,C010,ภาษาอังกฤษ A-Level,ภาษาอังกฤษ,ครูณัฐ,3200,40,40,0,435,2026-07-31,0.1,0.0,คอร์สเต็ม,,,,,
STU0436,ภัทรพล รัตนชัย,ชาย,15,ม.4,โรงเรียนกัลยาณวัตร,092-7532045,C003,เคมี ม.ปลาย,เคมี,ครูศิริ,2700,40,40,0,436,2026-08-19,0.0,0.0,คอร์สเต็ม,,,,,
STU0437,ก้องภพ วงศ์ดี,ชาย,17,ม.5,โรงเรียนแก่นนครวิทยาลัย,086-7133830,C009,ชีววิทยา A-Level,ชีววิทยา,ครูแพรว,3300,40,38,2,437,2026-07-13,0.1,2970.0,ลงทะเบียนสำเร็จ,389.0,2970.0,เงินสด,2026-07-13,ชำระเงินแล้ว
STU0438,กวิน สุริยะ,ชาย,18,ม.6,โรงเรียนเตรียมอุดมศึกษาพัฒนาการ ขอนแก่น,092-1018362,C006,คณิตศาสตร์ A-Level,คณิตศาสตร์,ครูพิมพ์,3500,40,40,0,438,2026-07-26,0.05,0.0,คอร์สเต็ม,,,,,
STU0439,รวิภาส บุญธรรม,ชาย,15,ม.4,โรงเรียนแก่นนครวิทยาลัย,097-9507223,C007,ฟิสิกส์ A-Level,ฟิสิกส์,ครูเอก,3500,40,40,0,439,2026-07-03,0.05,3325.0,ลงทะเบียนสำเร็จ,390.0,3325.0,โอนธนาคาร,2026-07-03,ชำระเงินแล้ว
STU0440,อธิพัฒน์ จันทร์ดี,ชาย,16,ม.4,โรงเรียนขอนแก่นวิทยาลัย,086-8766645,C010,ภาษาอังกฤษ A-Level,ภาษาอังกฤษ,ครูณัฐ,3200,40,40,0,440,2026-07-04,0.1,0.0,คอร์สเต็ม,,,,,
STU0441,กุลธิดา แสงจันทร์,หญิง,18,ม.6,โรงเรียนเตรียมอุดมศึกษาพัฒนาการ ขอนแก่น,094-5050323,C007,ฟิสิกส์ A-Level,ฟิสิกส์,ครูเอก,3500,40,40,0,441,2026-07-21,0.05,3325.0,ลงทะเบียนสำเร็จ,391.0,3325.0,เงินสด,2026-07-21,ชำระเงินแล้ว
STU0442,รินรดา ชัยมงคล,หญิง,18,ม.6,โรงเรียนกัลยาณวัตร,085-3719346,C007,ฟิสิกส์ A-Level,ฟิสิกส์,ครูเอก,3500,40,40,0,442,2026-08-13,0.05,3325.0,ลงทะเบียนสำเร็จ,392.0,3325.0,พร้อมเพย์,2026-08-13,ชำระเงินแล้ว
STU0443,พศิน ศรีอุดม,ชาย,17,ม.5,โรงเรียนกัลยาณวัตร,093-1977443,C003,เคมี ม.ปลาย,เคมี,ครูศิริ,2700,40,40,0,443,2026-08-10,0.1,0.0,คอร์สเต็ม,,,,,
STU0444,ณัฐธิดา วัฒนชัย,หญิง,15,ม.4,โรงเรียนแก่นนครวิทยาลัย,089-8644014,C007,ฟิสิกส์ A-Level,ฟิสิกส์,ครูเอก,3500,40,40,0,444,2026-06-30,0.1,0.0,คอร์สเต็ม,,,,,
STU0445,ปวีณา วงศ์ดี,หญิง,15,ม.4,โรงเรียนขอนแก่นวิทยาลัย,088-2692382,C003,เคมี ม.ปลาย,เคมี,ครูศิริ,2700,40,40,0,445,2026-06-25,0.1,0.0,คอร์สเต็ม,,,,,
STU0446,วรเมธ วัฒนกุล,ชาย,17,ม.6,โรงเรียนเตรียมอุดมศึกษาพัฒนาการ ขอนแก่น,093-3149106,C002,ฟิสิกส์ ม.ปลาย,ฟิสิกส์,ครูเอก,2800,40,40,0,446,2026-06-16,0.05,0.0,คอร์สเต็ม,,,,,
STU0447,ภาคิน เจริญวงศ์,ชาย,18,ม.6,โรงเรียนขามแก่นนคร,095-5040030,C001,คณิตศาสตร์ ม.ปลาย,คณิตศาสตร์,ครูพิมพ์,2800,40,40,0,447,2026-06-07,0.1,0.0,คอร์สเต็ม,,,,,
STU0448,ภาณุวัฒน์ สุขสันต์,ชาย,18,ม.6,โรงเรียนแก่นนครวิทยาลัย,095-8858666,C005,ภาษาอังกฤษ ม.ปลาย,ภาษาอังกฤษ,ครูณัฐ,2500,40,35,5,448,2026-06-23,0.0,2500.0,ลงทะเบียนสำเร็จ,393.0,2500.0,บัตรเครดิต,2026-06-23,ชำระเงินแล้ว
STU0449,พีรพงศ์ วรรณศรี,ชาย,16,ม.4,โรงเรียนขอนแก่นวิทยาลัย,098-3630919,C008,เคมี A-Level,เคมี,ครูศิริ,3400,40,40,0,449,2026-07-30,0.0,0.0,คอร์สเต็ม,,,,,
STU0450,วริศรา สวัสดิ์ชัย,หญิง,15,ม.4,โรงเรียนสาธิตมหาวิทยาลัยขอนแก่น ฝ่ายมัธยมศึกษา (มอดินแดง),091-2238429,C001,คณิตศาสตร์ ม.ปลาย,คณิตศาสตร์,ครูพิมพ์,2800,40,40,0,450,2026-07-12,0.0,0.0,คอร์สเต็ม,,,,,
